;"Личный кабинет клиента в сфере грузовых перевозок ОАО ""РЖД""";;;;;;;;;;;;;;;;;;;;;;;;;;;;;;;;;;;;;;;;;;;;;;;;;;;;;;;;;;;;;;;
"09.03.2025
17:12";Дислокация вагонов по списку (SPV4664);;;;;;;;;;;;;;;;;;;;;;;;;;;;;;;;;;;;;;;;;;;;;;;;;;;;;;;;;;;;;;;
Данные о вагоне;;;;;;;;;;;;;;;;;;;;;;;;;;;;;;;;Дислокация вагона;;;;;;;;;;;;;;;;;;;;;;;;;;;;;;;;
Номер вагона;Номер накладной;Род вагона;Администрация собственника;Дата и время начала рейса;Государство отправления;Дорога отправления;Станция отправления;Дата и время окончания рейса;Государство назначения;Дорога назначения;Станция назначения;Грузоотправитель (ТГНЛ);Грузоотправитель;Грузоотправитель (ОКПО);Грузоотправитель (наим);Грузополучатель ТГНЛ;Грузополучатель;Грузополучатель (ОКПО);Грузополучатель (наим);Наименование груза;Код груза ГНГ;Вес груза (кг);Пробег в груженом состоянии (км);Пробег в порожнем состоянии (км);Пробег общий (км);Норматив величины пробега (км);Остаток пробега (км);Признак пробега;Особые отметки;Ранее выгруженный груз;Код плательщика;Станция операции;Дорога операции;Операция с вагоном;Мнемокод операции;Дата и время операции;Дата операции;Тип парка;Тип парка (М/Т);Тип парка (П/Г);Тип парка (РП/НРП);Дорога сдачи;Дорога приема;Индекс поезда;Номер поезда;Номер вагона в составе поезда;Номер парка;Номер пути;Количество пломб;Количество груженых контейнеров;Количество порожних контейнеров;Номера контейнеров на вагоне;Нормативный срок доставки;Расстояние пройденное (км);Расстояние оставшееся (км);Расстояние общее (км);Время простоя под последней операцией (сутки:часы:минуты);Время простоя под последней операцией (сутки);Идентификатор отправки по досылке;Идентификатор накладной по досылке;Дата и время отправления (АСОУП) со станции приема груза к перевозке;Дата и время прибытия (АСОУП) на станцию назначения;Идентификатор отправки;Идентификатор накладной
54671888;ЭР823680;Платформы (40);РЖД (20);23.02.2025 09:39;Российская Федерация (643);СЕВЕРО-КАВКАЗСКАЯ (51);ЧЕРКЕССК (531003);08.03.2025 13:28;Российская Федерация (643);МОСКОВСКАЯ (17);БРЯНСК-ЛЬГОВСКИЙ (200002);2080;"ООО ""УНИВЕРСАЛЬНЫЕ РЕШЕНИЯ"" (43122305)";43122305;"ООО ""УНИВЕРСАЛЬНЫЕ РЕШЕНИЯ""";322;"Московская дирекция инфраструктуры ЦДИ ОАО ""РЖД"" (78970260)";78970260;"Московская дирекция инфраструктуры ЦДИ ОАО ""РЖД""";Вагоны железнодорожные порожние, перевозимые на своих осях, пересылаемые в ремонт или из ремонта (421195);0;0;21638;10099;31737;110000;78263;;9, 0, 0; (091118);100612332;БРЯНСК-ЛЬГОВСКИЙ (200002);МОСКОВСКАЯ (17);Окончание расформирования группы (43);ОРФГ;09.03.2025 08:55;09.03.2025 08:55;Местный, Порожний, НРП;Местный;Порожний;НРП;ЮЖНО-УРАЛЬСКАЯ (80);ЗАПАДНО-СИБИРСКАЯ (83);216000 030 200002 (ОРЕЛ+030+БРЯНСК-ЛЬГ.);3063;16;XLVI (2);"НЕЧЕТНЫЙ (СЕВЕРНЫЙ) ПАРК ПРИЕМА ""А"" (1)";0;0;0;            ;11.03.2025;1385;0;1385;0:8:11;0;;0;27.02.2025 16:05;07.03.2025 16:17;2051ЭP823680;1598066810
42110353;37223282;Платформы (40);РЖД (20);09.01.2025 08:27;Российская Федерация (643);ДАЛЬНЕВОСТОЧНАЯ (96);СУЛУК (918407);09.02.2025 17:09;Республика Беларусь (112);БЕЛОРУССКАЯ (13);ЗАДНЕПРОВСКАЯ (157809);2080;"ООО ""УНИВЕРСАЛЬНЫЕ РЕШЕНИЯ"" (43122305)";43122305;"ООО ""УНИВЕРСАЛЬНЫЕ РЕШЕНИЯ""";3464; (0);0;;Вагоны железнодорожные порожние, перевозимые на своих осях, пересылаемые в ремонт или из ремонта (421195);86069900;0;74885;36132;111017;160000;48983;;9, 0, 0;Оборудование энергетическое и запасные части к нему (351397);100612332;КРИЧЕВ 1 (158209);МОСКОВСКАЯ (17);Подготовка поездной передаточной ведомости по сдаче вагона с дороги (94);СПВС;09.02.2025 21:25;09.02.2025 21:25;Транзитный, Порожний, НРП;Транзитный;Порожний;НРП;МОСКОВСКАЯ (17);ДАЛЬНЕВОСТОЧНАЯ (96);202008 298 158209 (УНЕЧА+298+КРИЧЕВ 1);3108;41; (1); (1);0;0;0;            ;23.02.2025;5302;105;5407;27:19:41;27;;0;09.01.2025 13:56;;209637223282;1577024892
42207639;37152410;Платформы (40);РЖД (20);20.12.2024 11:01;Российская Федерация (643);КРАСНОЯРСКАЯ (88);НАЗАРОВО (884003);11.01.2025 17:47;Республика Беларусь (112);БЕЛОРУССКАЯ (13);ЗАДНЕПРОВСКАЯ (157809);2080;"ООО ""УНИВЕРСАЛЬНЫЕ РЕШЕНИЯ"" (43122305)";43122305;"ООО ""УНИВЕРСАЛЬНЫЕ РЕШЕНИЯ""";3464; (0);0;;Вагоны железнодорожные всякие, перевозимые на своих осях (421034);86069900;0;76740;49119;125859;160000;34141;;9, 0, 0;Части машин сельскохозяйственных, не поименованные в алфавите (361577);100612332;КРИЧЕВ 1 (158209);МОСКОВСКАЯ (17);Подготовка поездной передаточной ведомости по сдаче вагона с дороги (94);СПВС;11.01.2025 21:29;11.01.2025 21:29;Транзитный, Порожний, НРП;Транзитный;Порожний;НРП;МОСКОВСКАЯ (17);ВОСТОЧНО-СИБИРСКАЯ (92);202008 271 158209 (УНЕЧА+271+КРИЧЕВ 1);3108;60; (1); (1);0;0;0;            ;14.01.2025;4348;105;4453;56:19:37;56;;0;20.12.2024 12:31;;208837152410;1570752670
42215442;37247932;Платформы (40);РЖД (20);09.01.2025 18:22;Российская Федерация (643);ВОСТОЧНО-СИБИРСКАЯ (92);ТАКСИМО (904404);04.02.2025 15:55;Республика Беларусь (112);БЕЛОРУССКАЯ (13);ЗАДНЕПРОВСКАЯ (157809);2080;"ООО ""УНИВЕРСАЛЬНЫЕ РЕШЕНИЯ"" (43122305)";43122305;"ООО ""УНИВЕРСАЛЬНЫЕ РЕШЕНИЯ""";3464; (0);0;;Вагоны железнодорожные всякие, перевозимые на своих осях (421034);86069900;0;81035;57256;138291;160000;21709;;9, 0, 0;Панели стеновые, не поименованные в алфавите (251184);100612332;КРИЧЕВ 1 (158209);МОСКОВСКАЯ (17);Подготовка поездной передаточной ведомости по сдаче вагона с дороги (94);СПВС;04.02.2025 19:12;04.02.2025 19:12;Транзитный, Порожний, НРП;Транзитный;Порожний;НРП;МОСКОВСКАЯ (17);ДАЛЬНЕВОСТОЧНАЯ (96);200002 394 158209 (БРЯНСК-ЛЬГ.+394+КРИЧЕВ 1);3106;25; (1); (1);0;0;0;            ;15.02.2025;5152;105;5257;32:21:54;32;;0;14.01.2025 19:07;;209237247932;1579529115
42393439;37118461;Платформы (40);РЖД (20);10.12.2024 14:14;Российская Федерация (643);ВОСТОЧНО-СИБИРСКАЯ (92);ИРКУТСК-СОРТИРОВОЧНЫЙ (930004);29.12.2024 11:39;Республика Беларусь (112);БЕЛОРУССКАЯ (13);ЗАДНЕПРОВСКАЯ (157809);2080;"ООО ""УНИВЕРСАЛЬНЫЕ РЕШЕНИЯ"" (43122305)";43122305;"ООО ""УНИВЕРСАЛЬНЫЕ РЕШЕНИЯ""";3464; (0);0;;Вагоны железнодорожные всякие, перевозимые на своих осях (421034);86069900;0;65408;34676;100084;110000;9916;;0, 0, 0;Средства транспортирования, не поименованные в алфавите (391303);100612332;КРИЧЕВ 1 (158209);МОСКОВСКАЯ (17);Подготовка поездной передаточной ведомости по сдаче вагона с дороги (94);СПВС;29.12.2024 15:34;29.12.2024 15:34;Транзитный, Порожний, РП;Транзитный;Порожний;РП;МОСКОВСКАЯ (17);ВОСТОЧНО-СИБИРСКАЯ (92);200002 368 158209 (БРЯНСК-ЛЬГ.+368+КРИЧЕВ 1);3104;23; (1); (1);0;0;0;            ;13.01.2025;5514;105;5619;70:1:32;70;;0;14.12.2024 22:24;;209237118461;1567997558
42448654;36997718;Платформы (40);РЖД (20);19.11.2024 20:52;Российская Федерация (643);МОСКОВСКАЯ (17);КУРБАКИНСКАЯ (205400);27.11.2024 16:49;Республика Беларусь (112);БЕЛОРУССКАЯ (13);ЗАДНЕПРОВСКАЯ (157809);2080;"ООО ""УНИВЕРСАЛЬНЫЕ РЕШЕНИЯ"" (43122305)";43122305;"ООО ""УНИВЕРСАЛЬНЫЕ РЕШЕНИЯ""";3464; (0);0;;Вагоны железнодорожные всякие, перевозимые на своих осях (421034);86069900;0;48512;40855;89367;160000;70633;;0, 0, 0;Оборудование горношахтное и запасные части к нему (351081);100612332;КРИЧЕВ 1 (158209);МОСКОВСКАЯ (17);Подготовка поездной передаточной ведомости по сдаче вагона с дороги (94);СПВС;27.11.2024 20:51;27.11.2024 20:51;Транзитный, Порожний, РП;Транзитный;Порожний;РП;МОСКОВСКАЯ (17);ЗАБАЙКАЛЬСКАЯ (94);202008 239 158209 (УНЕЧА+239+КРИЧЕВ 1);3106;3; (1); (1);0;0;0;            ;26.11.2024;472;105;577;101:20:15;101;;0;24.11.2024 03:05;;201736997718;1558332749
42448662;36887946;Платформы (40);РЖД (20);27.10.2024 04:01;Российская Федерация (643);ВОСТОЧНО-СИБИРСКАЯ (92);НОВАЯ ЧАРА (904300);21.11.2024 15:07;Республика Беларусь (112);БЕЛОРУССКАЯ (13);ЗАДНЕПРОВСКАЯ (157809);2080;"ООО ""УНИВЕРСАЛЬНЫЕ РЕШЕНИЯ"" (43122305)";43122305;"ООО ""УНИВЕРСАЛЬНЫЕ РЕШЕНИЯ""";3464; (0);0;;Вагоны железнодорожные порожние, перевозимые на своих осях, пересылаемые в ремонт или из ремонта (421195);86069900;0;57293;51608;108901;160000;51099;;0, 0, 0;Оборудование электротехническое и запасные части к нему (351293);100612332;КРИЧЕВ 1 (158209);МОСКОВСКАЯ (17);Подготовка поездной передаточной ведомости по сдаче вагона с дороги (94);СПВС;22.11.2024 13:00;22.11.2024 13:00;Транзитный, Порожний, РП;Транзитный;Порожний;РП;МОСКОВСКАЯ (17);ЗАБАЙКАЛЬСКАЯ (94);200002 321 158209 (БРЯНСК-ЛЬГ.+321+КРИЧЕВ 1);3104;65; (1); (1);0;0;0;            ;03.12.2024;4902;105;5007;107:4:6;107;;0;29.10.2024 15:52;;209236887946;1549986377
42448670;37051328;Платформы (40);РЖД (20);10.12.2024 13:40;Российская Федерация (643);ВОСТОЧНО-СИБИРСКАЯ (92);ИРКУТСК-СОРТИРОВОЧНЫЙ (930004);28.12.2024 16:59;Республика Беларусь (112);БЕЛОРУССКАЯ (13);ЗАДНЕПРОВСКАЯ (157809);2080;"ООО ""УНИВЕРСАЛЬНЫЕ РЕШЕНИЯ"" (43122305)";43122305;"ООО ""УНИВЕРСАЛЬНЫЕ РЕШЕНИЯ""";3464; (0);0;;Вагоны железнодорожные порожние, перевозимые на своих осях, пересылаемые в ремонт или из ремонта (421195);86069900;0;88190;47371;135561;160000;24439;;9, 0, 0;Средства транспортирования, не поименованные в алфавите (391303);100612332;КРИЧЕВ 1 (158209);МОСКОВСКАЯ (17);Подготовка поездной передаточной ведомости по сдаче вагона с дороги (94);СПВС;28.12.2024 16:08;28.12.2024 16:08;Транзитный, Порожний, НРП;Транзитный;Порожний;НРП;МОСКОВСКАЯ (17);ВОСТОЧНО-СИБИРСКАЯ (92);202008 263 158209 (УНЕЧА+263+КРИЧЕВ 1);3104;42; (1); (1);0;0;0;            ;12.01.2025;5514;105;5619;71:0:58;71;;0;14.12.2024 22:24;;209237051328;1562459436
42450601;36887970;Платформы (40);РЖД (20);30.10.2024 18:05;Российская Федерация (643);ВОСТОЧНО-СИБИРСКАЯ (92);ОКУСИКАН (904003);02.12.2024 15:27;Республика Беларусь (112);БЕЛОРУССКАЯ (13);ЗАДНЕПРОВСКАЯ (157809);2080;"ООО ""УНИВЕРСАЛЬНЫЕ РЕШЕНИЯ"" (43122305)";43122305;"ООО ""УНИВЕРСАЛЬНЫЕ РЕШЕНИЯ""";3464; (0);0;;Вагоны железнодорожные всякие, перевозимые на своих осях (421034);86069900;0;62749;54485;117234;160000;42766;;0, 0, 0;Оборудование для производства железобетонных конструкций и деталей и запасные части к нему (351166);100612332;КРИЧЕВ 1 (158209);МОСКОВСКАЯ (17);Подготовка поездной передаточной ведомости по сдаче вагона с дороги (94);СПВС;03.12.2024 13:00;03.12.2024 13:00;Транзитный, Порожний, РП;Транзитный;Порожний;РП;МОСКОВСКАЯ (17);ПРИВОЛЖСКАЯ (61);200002 716 158209 (БРЯНСК-ЛЬГ.+716+КРИЧЕВ 1);3106;42; (1); (1);0;0;0;            ;04.12.2024;5251;105;5356;96:4:6;96;;0;02.11.2024 09:55;;209236887970;1549988877
42450619;36948970;Платформы (40);РЖД (20);10.11.2024 06:59;Российская Федерация (643);СВЕРДЛОВСКАЯ (76);ШУВАКИШ (780209);19.11.2024 17:29;Республика Беларусь (112);БЕЛОРУССКАЯ (13);ЗАДНЕПРОВСКАЯ (157809);2080;"ООО ""УНИВЕРСАЛЬНЫЕ РЕШЕНИЯ"" (43122305)";43122305;"ООО ""УНИВЕРСАЛЬНЫЕ РЕШЕНИЯ""";3464; (0);0;;Вагоны железнодорожные всякие, перевозимые на своих осях (421034);86069900;0;53527;44718;98245;160000;61755;;0, 0, 0;Оборудование электротехническое и запасные части к нему (351293);100612332;КРИЧЕВ 1 (158209);МОСКОВСКАЯ (17);Подготовка поездной передаточной ведомости по сдаче вагона с дороги (94);СПВС;19.11.2024 21:31;19.11.2024 21:31;Транзитный, Порожний, РП;Транзитный;Порожний;РП;МОСКОВСКАЯ (17);ДАЛЬНЕВОСТОЧНАЯ (96);200002 701 158209 (БРЯНСК-ЛЬГ.+701+КРИЧЕВ 1);3108;1; (1); (1);0;0;0;            ;26.11.2024;2309;105;2414;109:19:35;109;;0;11.11.2024 02:40;;207636948970;1550190386
54403043;37096783;Платформы (40);РЖД (20);11.12.2024 10:58;Российская Федерация (643);СЕВЕРНАЯ (28);ОБСКАЯ (289707);22.12.2024 04:31;Республика Беларусь (112);БЕЛОРУССКАЯ (13);МОЛОДЕЧНО (162900);2080;"ООО ""УНИВЕРСАЛЬНЫЕ РЕШЕНИЯ"" (43122305)";43122305;"ООО ""УНИВЕРСАЛЬНЫЕ РЕШЕНИЯ""";586;"ООО ""НПФ ""МЭЛ-ЭНЕРГОПРОЕКТ"" (1063675)";1063675;"ООО ""НПФ ""МЭЛ-ЭНЕРГОПРОЕКТ""";Вагоны железнодорожные порожние, перевозимые на своих осях, пересылаемые в ремонт или из ремонта (421195);86069900;0;52245;12657;64902;160000;95098;;9, 0, 0;Полуприцепы автомобильные (381227);100612332;ОРША-ЦЕНТРАЛЬНАЯ (166403);МОСКОВСКАЯ (17);Подготовка поездной передаточной ведомости по сдаче вагона с дороги (94);СПВС;22.12.2024 04:15;22.12.2024 04:15;Транзитный, Порожний, НРП;Транзитный;Порожний;НРП;МОСКОВСКАЯ (17);ВОСТОЧНО-СИБИРСКАЯ (92);170004 928 166403 (СМОЛЕНСК-СРТ+928+ОРША-ЦЕНТ.);2163;63; (0); (0);0;0;0;            ;29.12.2024;2926;286;3212;77:12:51;77;;0;12.12.2024 01:42;;202837096783;1566139856
54512439;37329469;Платформы (40);РЖД (20);31.01.2025 16:20;Российская Федерация (643);СЕВЕРО-КАВКАЗСКАЯ (51);ВЛАДИКАВКАЗ (538708);23.02.2025 10:57;Республика Беларусь (112);БЕЛОРУССКАЯ (13);МОЛОДЕЧНО (162900);2080;"ООО ""УНИВЕРСАЛЬНЫЕ РЕШЕНИЯ"" (43122305)";43122305;"ООО ""УНИВЕРСАЛЬНЫЕ РЕШЕНИЯ""";586;"ООО ""НПФ ""МЭЛ-ЭНЕРГОПРОЕКТ"" (1063675)";1063675;"ООО ""НПФ ""МЭЛ-ЭНЕРГОПРОЕКТ""";Вагоны железнодорожные порожние, перевозимые на своих осях, пересылаемые в ремонт или из ремонта (421195);86069900;0;21295;7742;29037;110000;80963;;9, 0, 0; (091118);100612332;ОРША-ЦЕНТРАЛЬНАЯ (166403);МОСКОВСКАЯ (17);Подготовка поездной передаточной ведомости по сдаче вагона с дороги (94);СПВС;23.02.2025 16:20;23.02.2025 16:20;Транзитный, Порожний, НРП;Транзитный;Порожний;НРП;МОСКОВСКАЯ (17);МОСКОВСКАЯ (17);180006 943 140009 (БЕКАСОВО-СРТ+943+МИНСК-СОРТ);2121;63; (0); (0);0;0;0;            ;14.02.2025;1952;286;2238;14:0:46;14;;0;03.02.2025 14:06;03.02.2025 16:59;205137329469;1585787795
54520713;ЭР824272;Платформы (40);БЧ (21);01.03.2025 07:50;Российская Федерация (643);МОСКОВСКАЯ (17);КУРБАКИНСКАЯ (205400);;Российская Федерация (643);МОСКОВСКАЯ (17);ПОЛПИНСКАЯ (200801);2080;"ООО ""УНИВЕРСАЛЬНЫЕ РЕШЕНИЯ"" (43122305)";43122305;"ООО ""УНИВЕРСАЛЬНЫЕ РЕШЕНИЯ""";2365;"ООО ""СВС"" (15438021)";15438021;"ООО ""СВС""";Вагоны железнодорожные порожние, перевозимые на своих осях, пересылаемые в ремонт или из ремонта (421195);0;0;21012;6288;27300;0;0;;9, 0, 0;Оборудование горношахтное и запасные части к нему (351081);100612332;БРЯНСК-ЛЬГОВСКИЙ (200002);МОСКОВСКАЯ (17);Окончание осмотра по ВУ-14 (45);ОКОС;06.03.2025 18:43;06.03.2025 18:43;Местный, Порожний, НРП;Местный;Порожний;НРП;МОСКОВСКАЯ (17);МОСКОВСКАЯ (17);200002 049 200801 (БРЯНСК-ЛЬГ.+049+ПОЛПИНСКАЯ);3802;20;6 (6);"ЧЕТНЫЙ (ВОСТОЧНЫЙ) ТРАНЗИТНЫЙ ПАРК  ""Е"" (5)";0;0;0;            ;05.03.2025;202;5;207;2:22:23;2;;0;04.03.2025 19:25;;2017ЭP824272;1597308716
42227751;37464059;Платформы (40);РЖД (20);20.02.2025 16:11;Российская Федерация (643);ДАЛЬНЕВОСТОЧНАЯ (96);УГОЛЬНАЯ (982102);09.03.2025 03:03;Республика Беларусь (112);БЕЛОРУССКАЯ (13);ОРША-ЗАПАДНАЯ (166507);2080;"ООО ""УНИВЕРСАЛЬНЫЕ РЕШЕНИЯ"" (43122305)";43122305;"ООО ""УНИВЕРСАЛЬНЫЕ РЕШЕНИЯ""";4704; (0);0;;Вагоны железнодорожные всякие, перевозимые на своих осях (421034);86069900;0;31779;20421;52200;160000;107800;;9, 0, 0;Конструкции металлические, не поименованные в алфавите (371051);100612332;ОРША-ЦЕНТРАЛЬНАЯ (166403);МОСКОВСКАЯ (17);Подготовка поездной передаточной ведомости по сдаче вагона с дороги (94);СПВС;09.03.2025 05:32;09.03.2025 05:32;Транзитный, Порожний, НРП;Транзитный;Порожний;НРП;МОСКОВСКАЯ (17);ОКТЯБРЬСКАЯ (1);170004 183 166403 (СМОЛЕНСК-СРТ+183+ОРША-ЦЕНТ.);2101;40; (0); (0);0;0;0;            ;11.04.2025;6336;1;6337;0:11:34;0;;0;21.02.2025 02:40;;209637464059;1597001149
54512413;ЭР504090;Платформы (40);РЖД (20);21.02.2025 18:09;Российская Федерация (643);СЕВЕРО-КАВКАЗСКАЯ (51);АДЛЕР (532805);03.03.2025 09:21;Российская Федерация (643);МОСКОВСКАЯ (17);БРЯНСК-ЛЬГОВСКИЙ (200002);2080;"ООО ""УНИВЕРСАЛЬНЫЕ РЕШЕНИЯ"" (43122305)";43122305;"ООО ""УНИВЕРСАЛЬНЫЕ РЕШЕНИЯ""";322;"Московская дирекция инфраструктуры ЦДИ ОАО ""РЖД"" (78970260)";78970260;"Московская дирекция инфраструктуры ЦДИ ОАО ""РЖД""";Вагоны железнодорожные порожние, перевозимые на своих осях, пересылаемые в ремонт или из ремонта (421195);0;0;23143;11757;34900;110000;75100;;9, 0, 0; (091118);100612332;БРЯНСК-ЛЬГОВСКИЙ (200002);МОСКОВСКАЯ (17);Окончание расформирования группы (43);ОРФГ;06.03.2025 02:10;06.03.2025 02:10;Местный, Порожний, НРП;Местный;Порожний;НРП;МОСКОВСКАЯ (17);МОСКОВСКАЯ (17);180006 478 200002 (БЕКАСОВО-СРТ+478+БРЯНСК-ЛЬГ.);9449;50;XLVI (2); (25);0;0;0;            ;01.03.2025;1487;0;1487;3:14:56;3;;0;24.02.2025 05:45;02.03.2025 16:41;2051ЭP504090;1596043282
42240044;37467756;Платформы (40);РЖД (20);26.02.2025 08:41;Российская Федерация (643);ЮГО-ВОСТОЧНАЯ (58);ТЕЛЕГИНО (593300);06.03.2025 16:50;Республика Беларусь (112);БЕЛОРУССКАЯ (13);ЗАДНЕПРОВСКАЯ (157809);2080;"ООО ""УНИВЕРСАЛЬНЫЕ РЕШЕНИЯ"" (43122305)";43122305;"ООО ""УНИВЕРСАЛЬНЫЕ РЕШЕНИЯ""";3464; (0);0;;Вагоны железнодорожные всякие, перевозимые на своих осях (421034);86069900;0;62105;28670;90775;160000;69225;;0, 0, 0;Арматура газовая и водопроводная (411013);100612332;КРИЧЕВ 1 (158209);МОСКОВСКАЯ (17);Подготовка поездной передаточной ведомости по сдаче вагона с дороги (94);СПВС;06.03.2025 22:08;06.03.2025 22:08;Транзитный, Порожний, РП;Транзитный;Порожний;РП;МОСКОВСКАЯ (17);ДАЛЬНЕВОСТОЧНАЯ (96);202008 323 158209 (УНЕЧА+323+КРИЧЕВ 1);3108;54; (1); (1);0;0;0;            ;06.03.2025;601;105;706;2:18:58;2;;0;26.02.2025 19:39;;205837467756;1597806080
42174789;ЭР672069;Платформы (40);РЖД (20);21.02.2025 12:54;Российская Федерация (643);ГОРЬКОВСКАЯ (24);МУРОМ1 (240000);01.03.2025 18:11;Российская Федерация (643);ГОРЬКОВСКАЯ (24);ПОДОСИНОВЕЦ (272903);2080;"ООО ""УНИВЕРСАЛЬНЫЕ РЕШЕНИЯ"" (43122305)";43122305;"ООО ""УНИВЕРСАЛЬНЫЕ РЕШЕНИЯ""";9203;"ООО ""МАГОС"" (30907985)";30907985;"ООО ""МАГОС""";Вагоны железнодорожные порожние, перевозимые на своих осях, пересылаемые в ремонт или из ремонта (421195);0;0;35067;9279;44346;160000;115654;;0, 0, 5;Изопласт (252187);100330975;ПОДОСИНОВЕЦ (272903);ГОРЬКОВСКАЯ (24);Подача вагона на подъездной путь (80);ПВПП;01.03.2025 15:40;01.03.2025 15:40;Местный, Порожний, РП;Местный;Порожний;РП;ЗАПАДНО-СИБИРСКАЯ (83);ЮЖНО-УРАЛЬСКАЯ (80);272706 671 272903 (ПИНЮГ+671+ПОДОСИНОВЕЦ);4804;2; (99); (1);0;0;0;            ;28.02.2025;983;0;983;8:1:26;8;;0;22.02.2025 18:18;01.03.2025 13:14;2024ЭP672069;1596826022
54508197;ЭР133778;Платформы (40);РЖД (20);15.02.2025 14:05;Российская Федерация (643);ОКТЯБРЬСКАЯ (1);ПОДСОЛНЕЧНАЯ (60800);23.02.2025 22:24;Российская Федерация (643);ГОРЬКОВСКАЯ (24);ПОДОСИНОВЕЦ (272903);2080;"ООО ""УНИВЕРСАЛЬНЫЕ РЕШЕНИЯ"" (43122305)";43122305;"ООО ""УНИВЕРСАЛЬНЫЕ РЕШЕНИЯ""";9203;"ООО ""МАГОС"" (30907985)";30907985;"ООО ""МАГОС""";Вагоны железнодорожные всякие, перевозимые на своих осях (421034);0;0;55165;11750;66915;160000;93085;;0, 0, 0;Кислоты неорганические, не поименованные в алфавите (481321);100612332;ПОДОСИНОВЕЦ (272903);ГОРЬКОВСКАЯ (24);Подача вагона на подъездной путь (80);ПВПП;01.03.2025 15:40;01.03.2025 15:40;Местный, Порожний, РП;Местный;Порожний;РП;АО 'АК'ЖЕЛЕЗНЫЕ ДОРОГИ ЯКУТИИ' (91);ДАЛЬНЕВОСТОЧНАЯ (96);272706 661 272903 (ПИНЮГ+661+ПОДОСИНОВЕЦ);4802;8; (99); (1);0;0;0;            ;23.02.2025;1240;0;1240;8:1:26;8;;0;17.02.2025 02:25;23.02.2025 21:27;2001ЭP133778;1594411013
54508395;ЭР500886;Платформы (40);РЖД (20);18.02.2025 13:41;Российская Федерация (643);СЕВЕРО-КАВКАЗСКАЯ (51);АДЛЕР (532805);03.03.2025 08:00;Российская Федерация (643);ГОРЬКОВСКАЯ (24);ПОДОСИНОВЕЦ (272903);2080;"ООО ""УНИВЕРСАЛЬНЫЕ РЕШЕНИЯ"" (43122305)";43122305;"ООО ""УНИВЕРСАЛЬНЫЕ РЕШЕНИЯ""";9203;"ООО ""МАГОС"" (30907985)";30907985;"ООО ""МАГОС""";Вагоны железнодорожные всякие, перевозимые на своих осях (421034);0;0;70280;34136;104416;160000;55584;;0, 0, 0; (091118);100612332;ПОДОСИНОВЕЦ (272903);ГОРЬКОВСКАЯ (24);Подача вагона на подъездной путь (80);ПВПП;03.03.2025 10:15;03.03.2025 10:15;Местный, Порожний, РП;Местный;Порожний;РП;- - - (0);ЮЖНО-УРАЛЬСКАЯ (80);272706 673 272903 (ПИНЮГ+673+ПОДОСИНОВЕЦ);4884;4; (99); (1);0;0;0;            ;03.03.2025;2550;0;2550;6:6:51;6;;0;19.02.2025 19:01;02.03.2025 19:34;2051ЭP500886;1596030817
54558499;ЭС680185;Платформы (40);РЖД (20);04.03.2025 21:36;Российская Федерация (643);СЕВЕРНАЯ (28);ВОЛОГДА 2 (300304);;Российская Федерация (643);ГОРЬКОВСКАЯ (24);ПОДОСИНОВЕЦ (272903);2080;"ООО ""УНИВЕРСАЛЬНЫЕ РЕШЕНИЯ"" (43122305)";43122305;"ООО ""УНИВЕРСАЛЬНЫЕ РЕШЕНИЯ""";1383;"ООО ""АРАЗ"" (93258464)";93258464;"ООО ""АРАЗ""";Вагоны железнодорожные порожние, перевозимые на своих осях, пересылаемые в ремонт или из ремонта (421195);0;0;0;869;869;160000;159131;;0, 0, 0;Самосвалы (381265);100612332;ПИНЮГ (272706);ГОРЬКОВСКАЯ (24);Отправление вагона в составе поезда со станции (2);ОТПР;09.03.2025 17:05;09.03.2025 17:05;Местный, Порожний, РП;Местный;Порожний;РП;МОСКОВСКАЯ (17);МОСКОВСКАЯ (17);272706 689 272903 (ПИНЮГ+689+ПОДОСИНОВЕЦ);3802;1; (0); (6);0;0;0;            ;10.03.2025;716;56;772;0:0:1;0;;0;05.03.2025 11:45;;2028ЭC680185;1601839635
54443478;ЭР699434;Платформы (40);РЖД (20);27.02.2025 11:02;Российская Федерация (643);ЮЖНО-УРАЛЬСКАЯ (80);ОРСК (810006);;Российская Федерация (643);СЕВЕРНАЯ (28);ШЛЮЗОВАЯ (312208);4457;"ООО ""ПО ""ЭНЕРГОЖЕЛЕЗОБЕТОНИНВЕСТ"" (88398430)";88398430;"ООО ""ПО ""ЭНЕРГОЖЕЛЕЗОБЕТОНИНВЕСТ""";4457;"ООО ""ПО ""ЭНЕРГОЖЕЛЕЗОБЕТОНИНВЕСТ"" (88398430)";88398430;"ООО ""ПО ""ЭНЕРГОЖЕЛЕЗОБЕТОНИНВЕСТ""";Оборудование съемное (турникеты, стойки, кассеты, призмы, хлебные щиты, стяжки, стропы и др.) (693176);0;14000;40542;9279;49821;160000;110179;;0, 0, 6;Опоры железобетонные (254074);100344855;РЫБИНСК-ПАССАЖИРСКИЙ (312104);СЕВЕРНАЯ (28);Перестановка вагона на другой парк/путь (85);НАПП;09.03.2025 16:42;09.03.2025 16:42;Местный, Груженый, РП;Местный;Груженый;РП;АО 'АК'ЖЕЛЕЗНЫЕ ДОРОГИ ЯКУТИИ' (91);ДАЛЬНЕВОСТОЧНАЯ (96);310005 233 312104 (ЯРОСЛАВЛЬ-ГЛ+233+РЫБИНСК-ПАСС);3357;37;I (1); (7);0;0;0;            ;13.03.2025;1979;10;1989;0:0:24;0;;0;01.03.2025 16:09;;2080ЭP699434;1592823685
42126276;ЭК555216;Платформы (40);РЖД (20);13.12.2024 13:52;Российская Федерация (643);СЕВЕРО-КАВКАЗСКАЯ (51);ГУДЕРМЕС (542600);08.01.2025 16:18;Российская Федерация (643);СЕВЕРО-КАВКАЗСКАЯ (51);ТИХОРЕЦКАЯ (520102);2080;"ООО ""УНИВЕРСАЛЬНЫЕ РЕШЕНИЯ"" (43122305)";43122305;"ООО ""УНИВЕРСАЛЬНЫЕ РЕШЕНИЯ""";3114;"ОАО ""ТМЗ ИМ. В. В. ВОРОВСКОГО"" (210743)";210743;"ОАО ""ТМЗ ИМ. В. В. ВОРОВСКОГО""";Вагоны железнодорожные всякие, перевозимые на своих осях (421034);0;0;57149;18496;75645;160000;84355;;0, 0, 0; (091118);100575920;ТИХОРЕЦКАЯ (520102);СЕВЕРО-КАВКАЗСКАЯ (51);Подача вагона на подъездной путь (80);ПВПП;09.01.2025 17:10;09.01.2025 17:10;Местный, Порожний, РП;Местный;Порожний;РП;- - - (0);- - - (0);530000 218 520102 (МИН.ВОДЫ+218+ТИХОРЕЦКАЯ);2247;30;13 (13); (0);0;0;0;            ;01.01.2025;594;0;594;58:23:56;58;;0;16.12.2024 20:47;08.01.2025 09:56;2051ЭK555216;1569170189
42239921;ЭО793945;Платформы (40);РЖД (20);31.01.2025 18:47;Российская Федерация (643);СЕВЕРО-КАВКАЗСКАЯ (51);АДЛЕР (532805);12.02.2025 08:54;Российская Федерация (643);СЕВЕРО-КАВКАЗСКАЯ (51);РОСТОВ-ТОВАРНЫЙ (510100);2080;"ООО ""УНИВЕРСАЛЬНЫЕ РЕШЕНИЯ"" (43122305)";43122305;"ООО ""УНИВЕРСАЛЬНЫЕ РЕШЕНИЯ""";2742;"ООО ""КЗ ""РОСТСЕЛЬМАШ"" (70658126)";70658126;"ООО ""КЗ ""РОСТСЕЛЬМАШ""";Вагоны железнодорожные всякие, перевозимые на своих осях (421034);0;0;49272;16677;65949;160000;94051;;0, 0, 0; (091118);100612332;РОСТОВ-ТОВАРНЫЙ (510100);СЕВЕРО-КАВКАЗСКАЯ (51);Подача вагона на подъездной путь (80);ПВПП;12.02.2025 16:00;12.02.2025 16:00;Местный, Порожний, РП;Местный;Порожний;РП;ВОСТОЧНО-СИБИРСКАЯ (92);ВОСТОЧНО-СИБИРСКАЯ (92);510007 177 510100 (БАТАЙСК+177+РОСТОВ-ТОВ.);3111;4;1А (1);Парк (1);0;0;0;            ;24.02.2025;544;0;544;25:1:6;25;;0;01.02.2025 23:14;12.02.2025 01:22;2051ЭO793945;1588705806
42243154;ЭИ619810;Платформы (40);РЖД (20);24.11.2024 09:03;Российская Федерация (643);СЕВЕРО-КАВКАЗСКАЯ (51);КАМЕНСКАЯ (587206);06.01.2025 06:48;Российская Федерация (643);СЕВЕРО-КАВКАЗСКАЯ (51);ТИХОРЕЦКАЯ (520102);2080;"ООО ""УНИВЕРСАЛЬНЫЕ РЕШЕНИЯ"" (43122305)";43122305;"ООО ""УНИВЕРСАЛЬНЫЕ РЕШЕНИЯ""";3114;"ОАО ""ТМЗ ИМ. В. В. ВОРОВСКОГО"" (210743)";210743;"ОАО ""ТМЗ ИМ. В. В. ВОРОВСКОГО""";Вагоны железнодорожные всякие, перевозимые на своих осях (421034);0;0;14990;8257;23247;0;0;;0, 0, 5;Прочие грузы, не поименованные в алфавите (693087);100343727;ТИХОРЕЦКАЯ (520102);СЕВЕРО-КАВКАЗСКАЯ (51);Подача вагона на подъездной путь (80);ПВПП;18.01.2025 12:00;18.01.2025 12:00;Местный, Порожний, РП;Местный;Порожний;РП;- - - (0);- - - (0);510007 096 520102 (БАТАЙСК+096+ТИХОРЕЦКАЯ);3802;55;13 (13); (0);0;0;0;            ;24.01.2025;350;0;350;50:5:6;50;;0;18.12.2024 04:11;05.01.2025 17:03;2051ЭИ619810;1561066776
42245605;ЭР507556;Платформы (40);РЖД (20);09.03.2025 08:42;Российская Федерация (643);СЕВЕРО-КАВКАЗСКАЯ (51);АДЛЕР (532805);;Российская Федерация (643);СЕВЕРО-КАВКАЗСКАЯ (51);АДЛЕР (532805);2080;"ООО ""УНИВЕРСАЛЬНЫЕ РЕШЕНИЯ"" (43122305)";43122305;"ООО ""УНИВЕРСАЛЬНЫЕ РЕШЕНИЯ""";3530;"АО ""ФПК"" (94154560)";94154560;"АО ""ФПК""";Вагоны железнодорожные всякие, перевозимые на своих осях (421034);0;0;25826;9089;34915;0;0;;0, 0, 0; (091118);100343727;АДЛЕР (532805);СЕВЕРО-КАВКАЗСКАЯ (51);Осмотр вагона рабочего парка (57);ОСМТ;09.03.2025 09:34;09.03.2025 09:34;Местный, Порожний, РП;Местный;Порожний;РП;- - - (0);- - - (0);534603 076 532805 (БЕЛОРЕЧНСКАЯ+076+АДЛЕР);2579;0;I (1);ПРИЕМО-ОТПРАВОЧНЫЙ ПАССАЖИРСКИЙ ПАРК (1);0;0;0;            ;11.03.2025;0;0;0;0:7:32;0;;0;08.02.2025 18:55;;2051ЭP507556;1596064137
54400502;ЭС375069;Платформы (40);РЖД (20);27.02.2025 23:20;Российская Федерация (643);СЕВЕРО-КАВКАЗСКАЯ (51);АДЛЕР (532805);;Российская Федерация (643);СЕВЕРО-КАВКАЗСКАЯ (51);РОСТОВ-ТОВАРНЫЙ (510100);2080;"ООО ""УНИВЕРСАЛЬНЫЕ РЕШЕНИЯ"" (43122305)";43122305;"ООО ""УНИВЕРСАЛЬНЫЕ РЕШЕНИЯ""";2742;"ООО ""КЗ ""РОСТСЕЛЬМАШ"" (70658126)";70658126;"ООО ""КЗ ""РОСТСЕЛЬМАШ""";Вагоны железнодорожные всякие, перевозимые на своих осях (421034);0;0;42506;14751;57257;160000;102743;;0, 0, 0; (091118);100612332;РОСТОВ-ТОВАРНЫЙ (510100);СЕВЕРО-КАВКАЗСКАЯ (51);Исключение вагона из состава поезда (3);ИСКП;09.03.2025 01:20;09.03.2025 01:20;Местный, Порожний, РП;Местный;Порожний;РП;ВОСТОЧНО-СИБИРСКАЯ (92);ВОСТОЧНО-СИБИРСКАЯ (92);510007 190 510100 (БАТАЙСК+190+РОСТОВ-ТОВ.);3188;23;1А (1); (6);0;0;0;            ;12.03.2025;544;0;544;0:15:46;0;;0;28.02.2025 16:40;08.03.2025 22:57;2051ЭC375069;1600516176
54512132;ЭР892068;Платформы (40);БЧ (21);25.02.2025 17:11;Российская Федерация (643);СЕВЕРО-КАВКАЗСКАЯ (51);ЧЕРКЕССК (531003);;Российская Федерация (643);СЕВЕРО-КАВКАЗСКАЯ (51);РОСТОВ-ТОВАРНЫЙ (510100);2080;"ООО ""УНИВЕРСАЛЬНЫЕ РЕШЕНИЯ"" (43122305)";43122305;"ООО ""УНИВЕРСАЛЬНЫЕ РЕШЕНИЯ""";2742;"ООО ""КЗ ""РОСТСЕЛЬМАШ"" (70658126)";70658126;"ООО ""КЗ ""РОСТСЕЛЬМАШ""";Вагоны железнодорожные всякие, перевозимые на своих осях (421034);0;0;40043;12009;52052;0;0;;0, 0, 0; (091118);100612332;РОСТОВ-ТОВАРНЫЙ (510100);СЕВЕРО-КАВКАЗСКАЯ (51);Исключение вагона из состава поезда (3);ИСКП;09.03.2025 01:20;09.03.2025 01:20;Местный, Порожний, РП;Местный;Порожний;РП;МОСКОВСКАЯ (17);МОСКОВСКАЯ (17);510007 190 510100 (БАТАЙСК+190+РОСТОВ-ТОВ.);3188;25;1А (1); (6);0;0;0;            ;11.03.2025;442;0;442;0:15:46;0;;0;27.02.2025 16:05;08.03.2025 22:57;2051ЭP892068;1598353940
54512561;ЭИ599064;Платформы (40);БЧ (21);22.11.2024 09:13;Российская Федерация (643);СЕВЕРО-КАВКАЗСКАЯ (51);СОЧИ (532909);23.12.2024 01:23;Российская Федерация (643);СЕВЕРО-КАВКАЗСКАЯ (51);ТИХОРЕЦКАЯ (520102);2080;"ООО ""УНИВЕРСАЛЬНЫЕ РЕШЕНИЯ"" (43122305)";43122305;"ООО ""УНИВЕРСАЛЬНЫЕ РЕШЕНИЯ""";3114;"ОАО ""ТМЗ ИМ. В. В. ВОРОВСКОГО"" (210743)";210743;"ОАО ""ТМЗ ИМ. В. В. ВОРОВСКОГО""";Вагоны железнодорожные всякие, перевозимые на своих осях (421034);0;0;26355;6721;33076;0;0;;0, 0, 0; (091118);100612332;ТИХОРЕЦКАЯ (520102);СЕВЕРО-КАВКАЗСКАЯ (51);Подача вагона на подъездной путь (80);ПВПП;26.12.2024 14:45;26.12.2024 14:45;Местный, Порожний, РП;Местный;Порожний;РП;МОСКОВСКАЯ (17);МОСКОВСКАЯ (17);525002 791 520102 (ВЫСЕЛКИ+791+ТИХОРЕЦКАЯ);2814;28;13 (13); (0);0;0;0;            ;29.11.2024;355;0;355;73:2:21;73;;0;23.11.2024 08:17;22.12.2024 17:57;2051ЭИ599064;1560983588
54586086;ЭН383266;Платформы (40);РЖД (20);21.01.2025 00:40;Российская Федерация (643);СЕВЕРО-КАВКАЗСКАЯ (51);ТИХОРЕЦКАЯ (520102);;Российская Федерация (643);СЕВЕРО-КАВКАЗСКАЯ (51);ТИХОРЕЦКАЯ (520102);2080;"ООО ""УНИВЕРСАЛЬНЫЕ РЕШЕНИЯ"" (43122305)";43122305;"ООО ""УНИВЕРСАЛЬНЫЕ РЕШЕНИЯ""";3114;"ОАО ""ТМЗ ИМ. В. В. ВОРОВСКОГО"" (210743)";210743;"ОАО ""ТМЗ ИМ. В. В. ВОРОВСКОГО""";Вагоны железнодорожные порожние, перевозимые на своих осях, пересылаемые в ремонт или из ремонта (421195);0;0;69172;11861;81033;160000;78967;;0, 0, 0;Прочие грузы, не поименованные в алфавите (693087);100575920;ТИХОРЕЦКАЯ (520102);СЕВЕРО-КАВКАЗСКАЯ (51);Подача вагона на подъездной путь (80);ПВПП;23.01.2025 12:28;23.01.2025 12:28;Местный, Порожний, РП;Местный;Порожний;РП;ЗАПАДНО-СИБИРСКАЯ (83);ЮЖНО-УРАЛЬСКАЯ (80);510007 126 520102 (БАТАЙСК+126+ТИХОРЕЦКАЯ);3412;0;13 (13); (0);0;0;0;            ;23.01.2025;0;0;0;45:4:38;45;;0;29.12.2024 01:01;;2051ЭH383266;1582776189
54517669;ЭП641608;Платформы (40);РЖД (20);09.02.2025 11:15;Российская Федерация (643);ГОРЬКОВСКАЯ (24);ШЛАКОВАЯ (275009);;Российская Федерация (643);СЕВЕРО-КАВКАЗСКАЯ (51);ЧЕРКЕССК (531003);6950;"ООО ""АТЛАНТ"" (60604939)";60604939;"ООО ""АТЛАНТ""";7604;"ООО ""СТРОЙОПТТОРГ"" (70898505)";70898505;"ООО ""СТРОЙОПТТОРГ"""; (91118);0;71500;62306;13929;76235;160000;83765;;0, 0, 0;Изделия железобетонные, не поименованные в алфавите (254040);100674182;ТИХОРЕЦКАЯ (520102);СЕВЕРО-КАВКАЗСКАЯ (51);Завершение формирования состава (46);ЗФМС;09.03.2025 16:49;09.03.2025 16:49;Местный, Груженый, РП;Местный;Груженый;РП;ОКТЯБРЬСКАЯ (1);ОКТЯБРЬСКАЯ (1);611000 262 520102 (ИМ.М.ГОРЬК.+262+ТИХОРЕЦКАЯ);2011;63;I (1); (37);0;0;0;            ;04.03.2025;2294;254;2548;0:0:17;0;;0;09.02.2025 18:15;;2024ЭП641608;1592259327
54517313;07320832;Платформы (40);РЖД (20);24.02.2025 00:00;Республика Беларусь (112);БЕЛОРУССКАЯ (13);ОРША-ЗАПАДНАЯ (166507);05.03.2025 12:40;Российская Федерация (643);ЮГО-ВОСТОЧНАЯ (58);ГРЯЗИ-ВОЛГОГРАДСКИЕ (597706);34; (0);0;;3026;"АО ""ВРП ""ГРЯЗИ"" (65682358)";65682358;"АО ""ВРП ""ГРЯЗИ""";Вагоны железнодорожные порожние, перевозимые на своих осях, пересылаемые в ремонт или из ремонта (421195);99222000;0;47985;15496;63481;160000;96519;;0, 0, 0; (091118);100612332;ГРЯЗИ-ВОЛГОГРАДСКИЕ (597706);ЮГО-ВОСТОЧНАЯ (58);Перечисление вагона в неисправные (53);РМНТ;07.03.2025 12:53;07.03.2025 12:53;Местный, Порожний, НРП;Местный;Порожний;НРП;МОСКОВСКАЯ (17);МОСКОВСКАЯ (17);592100 424 584405 (КАЗИНКА+424+ПОВОРИНО);2544;41;1 (1); (5);0;0;0;            ;05.03.2025;814;0;814;2:4:13;2;;0;16.02.2025 00:14;05.03.2025 05:47;211307320832;1599395075
54512447;ЭС974812;Платформы (40);БЧ (21);07.03.2025 13:20;Российская Федерация (643);ПРИВОЛЖСКАЯ (61);БЕКЕТОВСКАЯ (611602);;Российская Федерация (643);ПРИВОЛЖСКАЯ (61);ШПАЛОПРОПИТКА (611903);2080;"ООО ""УНИВЕРСАЛЬНЫЕ РЕШЕНИЯ"" (43122305)";43122305;"ООО ""УНИВЕРСАЛЬНЫЕ РЕШЕНИЯ""";1196;"ООО ""ПОБЕДИТ ТРАНС ЮГ"" (65567746)";65567746;"ООО ""ПОБЕДИТ ТРАНС ЮГ""";Вагоны железнодорожные всякие, перевозимые на своих осях (421034);0;0;18111;3431;21542;110000;88458;;0, 0, 0;Самосвалы (381265);100612332;БЕКЕТОВСКАЯ (611602);ПРИВОЛЖСКАЯ (61);Включение вагона в состав поезда (4);ВКЛП;07.03.2025 16:47;07.03.2025 16:47;Местный, Порожний, РП;Местный;Порожний;РП;МОСКОВСКАЯ (17);МОСКОВСКАЯ (17);611602 213 611903 (БЕКЕТОВСКАЯ+213+ШПАЛОПРОПИТК);4881;1; (0); (0);0;0;0;            ;10.03.2025;0;17;17;2:0:19;2;;0;15.12.2024 03:41;;2061ЭC974812;1603124064
54407762;77293653;Платформы (40);РЖД (20);06.03.2025 18:18;Российская Федерация (643);СВЕРДЛОВСКАЯ (76);КОРОТЧАЕВО (СТР) (798607);;Российская Федерация (643);ДАЛЬНЕВОСТОЧНАЯ (96);ЧЕГДОМЫН (917207);2040;"ООО ТК ""ЮГРА"" (98780490)";98780490;"ООО ТК ""ЮГРА""";2778;"ООО ""А/С ""НИМАН"" (39265708)";39265708;"ООО ""А/С ""НИМАН""";Машины и оборудование строительные, дорожные и торфяной промышленности (351043);0;56861;61422;19122;80544;160000;79456;;0, 0, 0;Машины для землеройных и мелиоративных работ (351039);100624085;ОЗЕРО АБРАМОВСКОЕ (796186);СВЕРДЛОВСКАЯ (76);Отправление вагона в составе поезда со станции (2);ОТПР;09.03.2025 16:16;09.03.2025 16:16;Транзитный, Груженый, РП;Транзитный;Груженый;РП;МОСКОВСКАЯ (17);МОСКОВСКАЯ (17);798607 107 790408 (КОРОТЧ (СТР)+107+ВОЙНОВКА);2717;2;I (1); (1);0;0;0;            ;24.03.2025;1096;2312;3408;0:0:50;0;;0;07.03.2025 21:05;;207677293653;1599480451
54522412;ЭР032602;Платформы (40);РЖД (20);21.02.2025 13:40;Российская Федерация (643);СВЕРДЛОВСКАЯ (76);ШУВАКИШ (780209);;Российская Федерация (643);СВЕРДЛОВСКАЯ (76);ШУВАКИШ (780209);2080;"ООО ""УНИВЕРСАЛЬНЫЕ РЕШЕНИЯ"" (43122305)";43122305;"ООО ""УНИВЕРСАЛЬНЫЕ РЕШЕНИЯ""";3976;"ФГКУ ""ОПТОВО-РАСПРЕДЕЛИТЕЛЬНЫЙ ЦЕНТР № 13"" (8612582)";8612582;"ФГКУ ""ОПТОВО-РАСПРЕДЕЛИТЕЛЬНЫЙ ЦЕНТР № 13""";Вагоны железнодорожные всякие, перевозимые на своих осях (421034);0;0;52707;22953;75660;160000;84340;;0, 0, 0;Здания инвентарные контейнерного типа (256065);100612332;ШУВАКИШ (780209);СВЕРДЛОВСКАЯ (76);Подача вагона на подъездной путь (80);ПВПП;24.02.2025 12:28;24.02.2025 12:28;Местный, Порожний, РП;Местный;Порожний;РП;ВОСТОЧНО-СИБИРСКАЯ (92);ВОСТОЧНО-СИБИРСКАЯ (92);780001 160 780209 (ЕКАТЕРИНБ-СР+160+ШУВАКИШ);3725;0; (76); (1);0;0;0;            ;23.02.2025;0;0;0;13:4:38;13;;0;30.01.2025 13:15;;2076ЭP032602;1593979062
42239939;37500253;Платформы (40);РЖД (20);03.03.2025 17:28;Российская Федерация (643);СЕВЕРНАЯ (28);ЧОВЬЮ (284008);;Киргизская Республика (417);КЫРГЫЗСКАЯ (70);БИШКЕК I (716607);5275;"ООО ""ЛАМБЕР ТРАНС"" (89794889)";89794889;"ООО ""ЛАМБЕР ТРАНС""";9999; (0);0;; (91118);44071190;69300;35538;13188;48726;160000;111274;;0, 0, 0; (003009);100643923;ЛЕК (764117);СВЕРДЛОВСКАЯ (76);Отправление вагона в составе поезда со станции (2);ОТПР;09.03.2025 16:55;09.03.2025 16:55;Транзитный, Груженый, РП;Транзитный;Груженый;РП;ОКТЯБРЬСКАЯ (1);ОКТЯБРЬСКАЯ (1);270005 156 780001 (ЛЯНГАСОВО+156+ЕКАТЕРИНБ-СР);9482;30;I (1); (2);0;0;0;            ;25.03.2025;1337;2272;3609;0:0:11;0;;0;04.03.2025 06:07;;202837500253;1600403046
54511522;ЭМ466836;Платформы (40);РЖД (20);08.01.2025 02:41;Российская Федерация (643);СВЕРДЛОВСКАЯ (76);ЕКАТЕРИНБУРГ-ТОВАРНЫЙ (780302);10.01.2025 02:00;Российская Федерация (643);ЮЖНО-УРАЛЬСКАЯ (80);ЧЕЛЯБИНСК-ГЛАВНЫЙ (800008);2080;"ООО ""УНИВЕРСАЛЬНЫЕ РЕШЕНИЯ"" (43122305)";43122305;"ООО ""УНИВЕРСАЛЬНЫЕ РЕШЕНИЯ""";8757;"АО ""ФПК"" (94154560)";94154560;"АО ""ФПК""";Вагоны железнодорожные всякие, перевозимые на своих осях (421034);0;0;61167;10482;71649;160000;88351;;0, 0, 5;Лом и отходы цветных металлов, не поименованные в алфавите (333045);100330975;ЧЕЛЯБИНСК-ГЛАВНЫЙ (800008);ЮЖНО-УРАЛЬСКАЯ (80);Начало расформирования состава (33);НЧРС;07.03.2025 14:46;07.03.2025 14:46;Местный, Порожний, РП;Местный;Порожний;РП;ЗАПАДНО-СИБИРСКАЯ (83);ЮЖНО-УРАЛЬСКАЯ (80);780001 835 800008 (ЕКАТЕРИНБ-СР+835+ЧЕЛЯБИНСК-ГЛ);2855;65;3 (3); (13);0;0;0;            ;12.01.2025;270;0;270;2:2:20;2;;0;09.01.2025 03:10;10.01.2025 00:54;2076ЭM466836;1578671682
54574819;ЭС787714;Платформы (40);РЖД (20);06.03.2025 18:17;Российская Федерация (643);ЮЖНО-УРАЛЬСКАЯ (80);ЧЕЛЯБИНСК-ГЛАВНЫЙ (800008);07.03.2025 22:16;Российская Федерация (643);ЮЖНО-УРАЛЬСКАЯ (80);МИАСС 1 (805302);2080;"ООО ""УНИВЕРСАЛЬНЫЕ РЕШЕНИЯ"" (43122305)";43122305;"ООО ""УНИВЕРСАЛЬНЫЕ РЕШЕНИЯ""";6675;"АО ""АЗ ""УРАЛ"", АО ""АВТОМОБИЛЬНЫЙ ЗАВОД ""УРАЛ"" (51495473)";51495473;"АО ""АЗ ""УРАЛ"", АО ""АВТОМОБИЛЬНЫЙ ЗАВОД ""УРАЛ""";Вагоны железнодорожные порожние, перевозимые на своих осях, пересылаемые в ремонт или из ремонта (421195);0;0;13106;2773;15879;160000;144121;;0, 0, 0;Здания инвентарные контейнерного типа (256065);100348029;МИАСС 1 (805302);ЮЖНО-УРАЛЬСКАЯ (80);Подача вагона на подъездной путь (80);ПВПП;07.03.2025 22:57;07.03.2025 22:57;Местный, Порожний, РП;Местный;Порожний;РП;- - - (0);ЗАБАЙКАЛЬСКАЯ (94);800008 747 805302 (ЧЕЛЯБИНСК-ГЛ+747+МИАСС 1);3709;41;8 (8); (0);0;0;0;            ;09.03.2025;96;0;96;1:18:9;1;;0;07.03.2025 18:43;07.03.2025 20:48;2080ЭC787714;1602316414
54522024;ЭС774996;Платформы (40);РЖД (20);04.03.2025 15:45;Российская Федерация (643);СВЕРДЛОВСКАЯ (76);АППАРАТНАЯ (780800);;Российская Федерация (643);ЮЖНО-УРАЛЬСКАЯ (80);МЕТАЛЛУРГИЧЕСКАЯ (801208);2080;"ООО ""УНИВЕРСАЛЬНЫЕ РЕШЕНИЯ"" (43122305)";43122305;"ООО ""УНИВЕРСАЛЬНЫЕ РЕШЕНИЯ""";3437;"ПАО ""ЧМК"" (186465)";186465;"ПАО ""ЧМК""";Вагоны железнодорожные всякие, перевозимые на своих осях (421034);0;0;23560;14424;37984;160000;122016;;0, 0, 6;Самосвалы (381265);100612332;ЧЕЛЯБИНСК-ГЛАВНЫЙ (800008);ЮЖНО-УРАЛЬСКАЯ (80);Окончание расформирования группы (43);ОРФГ;09.03.2025 09:18;09.03.2025 09:18;Местный, Порожний, РП;Местный;Порожний;РП;ОКТЯБРЬСКАЯ (1);МОСКОВСКАЯ (17);780001 253 800008 (ЕКАТЕРИНБ-СР+253+ЧЕЛЯБИНСК-ГЛ);2277;17;4 (4); (25);0;0;0;            ;08.03.2025;256;26;282;0:7:48;0;;0;07.03.2025 03:49;;2076ЭC774996;1602257267
54600697;ЭС676284;Платформы (40);РЖД (20);05.03.2025 15:26;Российская Федерация (643);КУЙБЫШЕВСКАЯ (63);КОСЯКОВКА (652602);;Российская Федерация (643);ЮЖНО-УРАЛЬСКАЯ (80);МИАСС 1 (805302);2080;"ООО ""УНИВЕРСАЛЬНЫЕ РЕШЕНИЯ"" (43122305)";43122305;"ООО ""УНИВЕРСАЛЬНЫЕ РЕШЕНИЯ""";6675;"АО ""АЗ ""УРАЛ"", АО ""АВТОМОБИЛЬНЫЙ ЗАВОД ""УРАЛ"" (51495473)";51495473;"АО ""АЗ ""УРАЛ"", АО ""АВТОМОБИЛЬНЫЙ ЗАВОД ""УРАЛ""";Вагоны железнодорожные всякие, перевозимые на своих осях (421034);0;0;0;1009;1009;110000;108991;;0, 0, 0;Ящики металлические (412196);100402076;КУМЫСНОЕ (803928);ЮЖНО-УРАЛЬСКАЯ (80);Отправление вагона в составе поезда со станции (2);ОТПР;09.03.2025 17:04;09.03.2025 17:04;Местный, Порожний, РП;Местный;Порожний;РП;ЗАПАДНО-СИБИРСКАЯ (83);ЮЖНО-УРАЛЬСКАЯ (80);816203 479 800008 (КАРТАЛЫ 1+479+ЧЕЛЯБИНСК-ГЛ);2536;46; (1); (2);0;0;0;            ;11.03.2025;688;171;859;0:0:2;0;;0;06.03.2025 02:59;;2063ЭC676284;1601824014
42174771;ЭС459907;Платформы (40);РЖД (20);03.03.2025 23:07;Российская Федерация (643);ЗАПАДНО-СИБИРСКАЯ (83);БАРНАУЛ (840109);07.03.2025 11:57;Российская Федерация (643);ЗАПАДНО-СИБИРСКАЯ (83);НОВОКУЗНЕЦК-СОРТИРОВОЧНЫЙ (860009);9102;"АО ""ЭНИКАРГО"" (31108949)";31108949;"АО ""ЭНИКАРГО""";5003;"АО ""ЕВРАЗ ЗСМК"" (5757676)";5757676;"АО ""ЕВРАЗ ЗСМК""";Вагоны железнодорожные всякие, перевозимые на своих осях (421034);0;0;39915;6806;46721;160000;113279;;0, 0, 0;Комбайны сельскохозяйственные (361204);100612332;НОВОКУЗНЕЦК-СОРТИРОВОЧНЫЙ (860009);ЗАПАДНО-СИБИРСКАЯ (83);Подача вагона на подъездной путь (80);ПВПП;08.03.2025 11:07;08.03.2025 11:07;Местный, Порожний, РП;Местный;Порожний;РП;ВОСТОЧНО-СИБИРСКАЯ (92);ВОСТОЧНО-СИБИРСКАЯ (92);860206 386 860009 (НОВОКУЗ.-ВОС+386+НОВОКУЗ.-СОР);3737;2; (20);"Приемо-отправочный парк ""А"" (1)";0;0;0;            ;08.03.2025;305;0;305;1:5:59;1;;0;04.03.2025 06:35;07.03.2025 11:37;2083ЭC459907;1600891187
42208728;ЭР950603;Платформы (40);БЧ (21);25.02.2025 10:33;Российская Федерация (643);ЗАПАДНО-СИБИРСКАЯ (83);ЧЕРКАСОВ КАМЕНЬ (863806);28.02.2025 04:39;Российская Федерация (643);ЗАПАДНО-СИБИРСКАЯ (83);НОВОКУЗНЕЦК-СОРТИРОВОЧНЫЙ (860009);9102;"АО ""ЭНИКАРГО"" (31108949)";31108949;"АО ""ЭНИКАРГО""";5003;"АО ""ЕВРАЗ ЗСМК"" (5757676)";5757676;"АО ""ЕВРАЗ ЗСМК""";Вагоны железнодорожные всякие, перевозимые на своих осях (421034);0;0;4451;300;4751;160000;155249;;3, 0, 0;Самосвалы (381265);100612332;НОВОКУЗНЕЦК-СОРТИРОВОЧНЫЙ (860009);ЗАПАДНО-СИБИРСКАЯ (83);Подача вагона на подъездной путь (80);ПВПП;28.02.2025 06:48;28.02.2025 06:48;Местный, Порожний, РП;Местный;Порожний;РП;МОСКОВСКАЯ (17);МОСКОВСКАЯ (17);860206 363 860009 (НОВОКУЗ.-ВОС+363+НОВОКУЗ.-СОР);2011;2; (20);"Приемо-отправочный парк ""А"" (1)";0;0;0;            ;01.03.2025;44;0;44;9:10:18;9;;0;27.02.2025 03:05;28.02.2025 04:18;2083ЭP950603;1598616615
42239467;ЭР596327;Платформы (40);РЖД (20);19.02.2025 12:23;Российская Федерация (643);ЗАПАДНО-СИБИРСКАЯ (83);МЕЖДУРЕЧЕНСК (864902);;Российская Федерация (643);ЗАПАДНО-СИБИРСКАЯ (83);МЕЖДУРЕЧЕНСК (864902);9999;"ОАО ""РЖД"" (83262)";83262;"ОАО ""РЖД""";9999;"ОАО ""РЖД"" (83262)";83262;"ОАО ""РЖД""";Вагоны железнодорожные всякие, перевозимые на своих осях (421034);0;0;44513;8333;52846;160000;107154;;0, 0, 0;Самосвалы (381265);0;МЕЖДУРЕЧЕНСК (864902);ЗАПАДНО-СИБИРСКАЯ (83);Погрузка вагона без зачета в погрузку на подъездных путях (19);ПГР9;19.02.2025 12:23;19.02.2025 12:23;Местный, Порожний, РП;Местный;Порожний;РП;МОСКОВСКАЯ (17);МОСКОВСКАЯ (17);860206 546 864902 (НОВОКУЗ.-ВОС+546+МЕЖДУРЕЧЕНСК);3452;0;20 (20);парк (1);0;0;0;            ;22.02.2025;0;0;0;18:4:43;18;;0;06.01.2025 17:50;;2083ЭP596327;1596483568
42394999;ЭР950603;Платформы (40);БЧ (21);25.02.2025 10:33;Российская Федерация (643);ЗАПАДНО-СИБИРСКАЯ (83);ЧЕРКАСОВ КАМЕНЬ (863806);28.02.2025 04:39;Российская Федерация (643);ЗАПАДНО-СИБИРСКАЯ (83);НОВОКУЗНЕЦК-СОРТИРОВОЧНЫЙ (860009);9102;"АО ""ЭНИКАРГО"" (31108949)";31108949;"АО ""ЭНИКАРГО""";5003;"АО ""ЕВРАЗ ЗСМК"" (5757676)";5757676;"АО ""ЕВРАЗ ЗСМК""";Вагоны железнодорожные всякие, перевозимые на своих осях (421034);0;0;4448;300;4748;160000;155252;;3, 0, 0;Самосвалы (381265);100612332;НОВОКУЗНЕЦК-СОРТИРОВОЧНЫЙ (860009);ЗАПАДНО-СИБИРСКАЯ (83);Подача вагона на подъездной путь (80);ПВПП;28.02.2025 06:48;28.02.2025 06:48;Местный, Порожний, РП;Местный;Порожний;РП;МОСКОВСКАЯ (17);МОСКОВСКАЯ (17);860206 363 860009 (НОВОКУЗ.-ВОС+363+НОВОКУЗ.-СОР);2011;3; (20);"Приемо-отправочный парк ""А"" (1)";0;0;0;            ;01.03.2025;44;0;44;9:10:18;9;;0;27.02.2025 03:05;28.02.2025 04:18;2083ЭP950603;1598616615
54558390;ЭР086454;Платформы (40);РЖД (20);18.02.2025 15:20;Российская Федерация (643);СЕВЕРО-КАВКАЗСКАЯ (51);РОСТОВ-ТОВАРНЫЙ (510100);28.02.2025 18:59;Российская Федерация (643);ЗАПАДНО-СИБИРСКАЯ (83);БАРНАУЛ (840109);7057;"ООО ""КЗ ""РОСТСЕЛЬМАШ"" (70658126)";70658126;"ООО ""КЗ ""РОСТСЕЛЬМАШ""";6932;"ООО ""АЖК"" (5950491)";5950491;"ООО ""АЖК""";Тракторы (362052);0;20000;64744;12330;77074;160000;82926;;0, 0, 0;Тракторы (362052);100009391;БАРНАУЛ (840109);ЗАПАДНО-СИБИРСКАЯ (83);Выгрузка вагона на подъездных путях (21);ВЫГ2;28.02.2025 17:03;28.02.2025 17:03;Транзитный, Порожний, РП;Транзитный;Порожний;РП;ОКТЯБРЬСКАЯ (1);ОКТЯБРЬСКАЯ (1);840005 571 840109 (АЛТАЙСКАЯ+571+БАРНАУЛ);3641;20; (20);ПРИЕМО-ОТПРАВОЧНЫЕ ПУТИ (1);0;0;0;            ;06.03.2025;3120;0;3120;9:0:3;9;;0;19.02.2025 06:30;28.02.2025 12:44;2051ЭP086454;1594200086
54601091;ЭС272573;Платформы (40);РЖД (20);27.02.2025 17:27;Российская Федерация (643);ЗАПАДНО-СИБИРСКАЯ (83);НОВОСИБИРСК-ГЛАВНЫЙ (850609);02.03.2025 11:00;Российская Федерация (643);ЗАПАДНО-СИБИРСКАЯ (83);НОВОКУЗНЕЦК-СОРТИРОВОЧНЫЙ (860009);2080;"ООО ""УНИВЕРСАЛЬНЫЕ РЕШЕНИЯ"" (43122305)";43122305;"ООО ""УНИВЕРСАЛЬНЫЕ РЕШЕНИЯ""";5003;"АО ""ЕВРАЗ ЗСМК"" (5757676)";5757676;"АО ""ЕВРАЗ ЗСМК""";Вагоны железнодорожные всякие, перевозимые на своих осях (421034);0;0;53925;20266;74191;160000;85809;;0, 0, 5;Ящики металлические (412196);100402076;НОВОКУЗНЕЦК-СОРТИРОВОЧНЫЙ (860009);ЗАПАДНО-СИБИРСКАЯ (83);Подача вагона на подъездной путь (80);ПВПП;02.03.2025 12:50;02.03.2025 12:50;Местный, Порожний, РП;Местный;Порожний;РП;ЗАПАДНО-СИБИРСКАЯ (83);ЗАПАДНО-СИБИРСКАЯ (83);860206 370 860009 (НОВОКУЗ.-ВОС+370+НОВОКУЗ.-СОР);3733;50; (20);"Приемо-отправочный парк ""А"" (1)";0;0;0;            ;05.03.2025;464;0;464;7:4:16;7;;0;28.02.2025 01:14;02.03.2025 10:20;2083ЭC272573;1600054922
42239459;23865182;Платформы (40);РЖД (20);02.03.2025 00:00;Республика Беларусь (112);БЕЛОРУССКАЯ (13);ЖОДИНО (141302);;Российская Федерация (643);ДАЛЬНЕВОСТОЧНАЯ (96);ИЛЬИНСК-САХАЛИНСКИЙ (994805);1092; (0);0;;4959;"ООО ""ДАЛЬ-РАССВЕТ"" (24549274)";24549274;"ООО ""ДАЛЬ-РАССВЕТ""";Самосвалы (381265);87041010;40380;41479;11393;52872;160000;107128;;0, 0, 3;Машины и оборудование строительные, дорожные и торфяной промышленности (351043);100582603;ИНСКАЯ (850007);ЗАПАДНО-СИБИРСКАЯ (83);Прибытие вагона в составе поезда на станцию (8);ПРИБ;09.03.2025 16:42;09.03.2025 16:42;Транзитный, Груженый, РП;Транзитный;Груженый;РП;МОСКОВСКАЯ (17);МОСКОВСКАЯ (17);780001 189 930004 (ЕКАТЕРИНБ-СР+189+ИРКУТСК-СОРТ);2350;57;II Сок (2);"Нечетный приемо-отправочный парк ""З"" (8)";0;0;0;            ;26.04.2025;3827;0;3827;0:0:24;0;;0;30.09.2024 15:29;;211323865182;1601471568
42344515;ЭР512214;Платформы (40);РЖД (20);18.02.2025 16:52;Российская Федерация (643);ВОСТОЧНО-СИБИРСКАЯ (92);ЛЕНА (927105);27.02.2025 06:05;Российская Федерация (643);КРАСНОЯРСКАЯ (88);КРАСНОЯРСК-СЕВЕРНЫЙ (890108);2080;"ООО ""УНИВЕРСАЛЬНЫЕ РЕШЕНИЯ"" (43122305)";43122305;"ООО ""УНИВЕРСАЛЬНЫЕ РЕШЕНИЯ""";9994;"ООО ""ИМПАКТ-ТРАНС"" (30469562)";30469562;"ООО ""ИМПАКТ-ТРАНС""";Вагоны железнодорожные всякие, перевозимые на своих осях (421034);0;0;29440;10747;40187;160000;119813;;0, 0, 0;Машины и оборудование строительные, дорожные и торфяной промышленности (351043);100612332;КРАСНОЯРСК-СЕВЕРНЫЙ (890108);КРАСНОЯРСКАЯ (88);Подача вагона на подъездной путь (80);ПВПП;05.03.2025 05:45;05.03.2025 05:45;Местный, Порожний, РП;Местный;Порожний;РП;ЮЖНО-УРАЛЬСКАЯ (80);ЗАПАДНО-СИБИРСКАЯ (83);890201 192 890108 (КРАСНОЯРСК-В+192+КРАСНОЯРСК-С);3577;11;I (1); (1);0;0;0;            ;26.02.2025;1134;0;1134;4:11:21;4;;0;23.02.2025 21:21;27.02.2025 03:34;2092ЭP512214;1596084967
54443577;ЭН028967;Платформы (40);РЖД (20);14.01.2025 18:16;Российская Федерация (643);ВОСТОЧНО-СИБИРСКАЯ (92);ТАКСИМО (904404);05.02.2025 15:37;Российская Федерация (643);КРАСНОЯРСКАЯ (88);КРАСНОЯРСК (890004);2080;"ООО ""УНИВЕРСАЛЬНЫЕ РЕШЕНИЯ"" (43122305)";43122305;"ООО ""УНИВЕРСАЛЬНЫЕ РЕШЕНИЯ""";3131;"ООО ""ТРИТОН"" (60084345)";60084345;"ООО ""ТРИТОН""";Вагоны железнодорожные всякие, перевозимые на своих осях (421034);0;0;32510;13418;45928;160000;114072;;0, 0, 0;Панели стеновые, не поименованные в алфавите (251184);100612332;КРАСНОЯРСК (890004);КРАСНОЯРСКАЯ (88);Установка ограждения (88);УСОГ;06.02.2025 14:46;06.02.2025 14:46;Местный, Порожний, РП;Местный;Порожний;РП;ВОСТОЧНО-СИБИРСКАЯ (92);ВОСТОЧНО-СИБИРСКАЯ (92);890201 792 890907 (КРАСНОЯРСК-В+792+БУГАЧ);3671;32;4с (4);ПУТИ ВОСТОЧНОГО ГРУЗОВОГО ДВОРА (1);0;0;0;            ;23.01.2025;1937;0;1937;31:2:20;31;;0;27.01.2025 12:55;05.02.2025 12:52;2092ЭH028967;1581266396
42126284;ЭО391250;Платформы (40);РЖД (20);28.01.2025 04:12;Российская Федерация (643);ВОСТОЧНО-СИБИРСКАЯ (92);НОВАЯ ЧАРА (904300);;Российская Федерация (643);ВОСТОЧНО-СИБИРСКАЯ (92);НОВАЯ ЧАРА (904300);2080;"ООО ""УНИВЕРСАЛЬНЫЕ РЕШЕНИЯ"" (43122305)";43122305;"ООО ""УНИВЕРСАЛЬНЫЕ РЕШЕНИЯ""";9732;"ООО ""СИБТРЕЙД"" (33274623)";33274623;"ООО ""СИБТРЕЙД""";Вагоны железнодорожные всякие, перевозимые на своих осях (421034);0;0;50192;14965;65157;160000;94843;;3, 0, 0;Изделия железобетонные, не поименованные в алфавите (254040);100612332;НОВАЯ ЧАРА (904300);ВОСТОЧНО-СИБИРСКАЯ (92);Перестановка вагона на другой парк/путь (85);НАПП;05.02.2025 00:39;05.02.2025 00:39;Местный, Порожний, РП;Местный;Порожний;РП;- - - (0);- - - (0);920002 804 904300 (ТАЙШЕТ+804+НОВАЯ ЧАРА);2010;0;I (1); (11);0;0;0;            ;30.01.2025;0;0;0;32:16:27;32;;0;27.11.2024 13:29;;2092ЭO391250;1586984006
42324715;ЭО782250;Платформы (40);БЧ (21);05.02.2025 17:58;Российская Федерация (643);ВОСТОЧНО-СИБИРСКАЯ (92);НОВАЯ ЧАРА (904300);;Российская Федерация (643);ВОСТОЧНО-СИБИРСКАЯ (92);НОВАЯ ЧАРА (904300);2080;"ООО ""УНИВЕРСАЛЬНЫЕ РЕШЕНИЯ"" (43122305)";43122305;"ООО ""УНИВЕРСАЛЬНЫЕ РЕШЕНИЯ""";3905;"ООО ""НОРД ЭКСПРЕСС"" (16436685)";16436685;"ООО ""НОРД ЭКСПРЕСС""";Вагоны железнодорожные всякие, перевозимые на своих осях (421034);0;0;7172;232;7404;160000;152596;;0, 0, 0;Самосвалы (381265);100612332;НОВАЯ ЧАРА (904300);ВОСТОЧНО-СИБИРСКАЯ (92);Перестановка вагона на другой парк/путь (85);НАПП;06.02.2025 14:03;06.02.2025 14:03;Местный, Порожний, РП;Местный;Порожний;РП;МОСКОВСКАЯ (17);МОСКОВСКАЯ (17);920002 839 904300 (ТАЙШЕТ+839+НОВАЯ ЧАРА);2020;0;2 (2); (10);0;0;0;            ;07.02.2025;0;0;0;31:3:3;31;;0;13.10.2024 05:05;;2092ЭO782250;1588657423
54464078;ЭП114238;Платформы (40);РЖД (20);07.02.2025 13:40;Российская Федерация (643);ДАЛЬНЕВОСТОЧНАЯ (96);ХАБАРОВСК 2 (970001);25.02.2025 10:25;Российская Федерация (643);ВОСТОЧНО-СИБИРСКАЯ (92);ТАКСИМО (904404);3433; (55103129);55103129;;4636;"ООО ""АРНИ ГЛОБАЛ"" (28266952)";28266952;"ООО ""АРНИ ГЛОБАЛ""";Панели стеновые, не поименованные в алфавите (251184);0;9818;53566;17249;70815;160000;89185;;0, 0, 6;Панели стеновые, не поименованные в алфавите (251184);100668111;ТАКСИМО (904404);ВОСТОЧНО-СИБИРСКАЯ (92);Выгрузка вагона на подъездных путях (21);ВЫГ2;25.02.2025 14:57;25.02.2025 14:57;Транзитный, Порожний, РП;Транзитный;Порожний;РП;МОСКОВСКАЯ (17);МОСКОВСКАЯ (17);910000 712 903204 (ТЫНДА+712+СЕВЕРОБАЙКАЛ);2045;66;I (1); (1);0;0;0;            ;04.03.2025;2321;0;2321;12:2:9;12;;0;20.02.2025 08:32;24.02.2025 20:12;2096ЭП114238;1590048521
54505516;ЭМ636157;Платформы (40);БЧ (21);09.01.2025 12:51;Российская Федерация (643);ВОСТОЧНО-СИБИРСКАЯ (92);НОВАЯ ЧАРА (904300);;Российская Федерация (643);ВОСТОЧНО-СИБИРСКАЯ (92);НОВАЯ ЧАРА (904300);2080;"ООО ""УНИВЕРСАЛЬНЫЕ РЕШЕНИЯ"" (43122305)";43122305;"ООО ""УНИВЕРСАЛЬНЫЕ РЕШЕНИЯ""";3905;"ООО ""НОРД ЭКСПРЕСС"" (16436685)";16436685;"ООО ""НОРД ЭКСПРЕСС""";Вагоны железнодорожные всякие, перевозимые на своих осях (421034);0;0;48343;8579;56922;160000;103078;;0, 0, 0;Машины и оборудование строительные, дорожные и торфяной промышленности (351043);100612332;НОВАЯ ЧАРА (904300);ВОСТОЧНО-СИБИРСКАЯ (92);Перестановка вагона на другой парк/путь (85);НАПП;07.02.2025 23:56;07.02.2025 23:56;Местный, Порожний, РП;Местный;Порожний;РП;МОСКОВСКАЯ (17);МОСКОВСКАЯ (17);910000 577 903204 (ТЫНДА+577+СЕВЕРОБАЙКАЛ);2027;0;2 (2); (10);0;0;0;            ;11.01.2025;0;0;0;29:17:10;29;;0;24.11.2024 00:32;;2092ЭM636157;1579475774
54512306;ЭЛ742294;Платформы (40);БЧ (21);29.12.2024 14:54;Российская Федерация (643);ВОСТОЧНО-СИБИРСКАЯ (92);НОВАЯ ЧАРА (904300);;Российская Федерация (643);ВОСТОЧНО-СИБИРСКАЯ (92);НОВАЯ ЧАРА (904300);2080;"ООО ""УНИВЕРСАЛЬНЫЕ РЕШЕНИЯ"" (43122305)";43122305;"ООО ""УНИВЕРСАЛЬНЫЕ РЕШЕНИЯ""";9732;"ООО ""СИБТРЕЙД"" (33274623)";33274623;"ООО ""СИБТРЕЙД""";Вагоны железнодорожные всякие, перевозимые на своих осях (421034);0;0;50069;3999;54068;110000;55932;;3, 0, 0;Части (детали) машин, механизмов и оборудования (351414);100612332;НОВАЯ ЧАРА (904300);ВОСТОЧНО-СИБИРСКАЯ (92);Перестановка вагона на другой парк/путь (85);НАПП;01.02.2025 09:21;01.02.2025 09:21;Местный, Порожний, РП;Местный;Порожний;РП;МОСКОВСКАЯ (17);МОСКОВСКАЯ (17);920002 801 904300 (ТАЙШЕТ+801+НОВАЯ ЧАРА);2284;0;I (1); (11);0;0;0;            ;31.12.2024;0;0;0;36:7:45;36;;0;23.11.2024 10:12;;2092ЭЛ742294;1574920448
54512355;ЭО391250;Платформы (40);БЧ (21);28.01.2025 04:12;Российская Федерация (643);ВОСТОЧНО-СИБИРСКАЯ (92);НОВАЯ ЧАРА (904300);;Российская Федерация (643);ВОСТОЧНО-СИБИРСКАЯ (92);НОВАЯ ЧАРА (904300);2080;"ООО ""УНИВЕРСАЛЬНЫЕ РЕШЕНИЯ"" (43122305)";43122305;"ООО ""УНИВЕРСАЛЬНЫЕ РЕШЕНИЯ""";9732;"ООО ""СИБТРЕЙД"" (33274623)";33274623;"ООО ""СИБТРЕЙД""";Вагоны железнодорожные всякие, перевозимые на своих осях (421034);0;0;10850;2782;13632;110000;96368;;3, 0, 0;Изделия железобетонные, не поименованные в алфавите (254040);100612332;НОВАЯ ЧАРА (904300);ВОСТОЧНО-СИБИРСКАЯ (92);Перестановка вагона на другой парк/путь (85);НАПП;05.02.2025 00:39;05.02.2025 00:39;Местный, Порожний, РП;Местный;Порожний;РП;ЗАПАДНО-СИБИРСКАЯ (83);ЗАПАДНО-СИБИРСКАЯ (83);920002 804 904300 (ТАЙШЕТ+804+НОВАЯ ЧАРА);2010;0;I (1); (11);0;0;0;            ;30.01.2025;0;0;0;32:16:27;32;;0;27.11.2024 13:29;;2092ЭO391250;1586984006
54512512;ЭО690363;Платформы (40);БЧ (21);05.02.2025 23:03;Российская Федерация (643);ВОСТОЧНО-СИБИРСКАЯ (92);НОВАЯ ЧАРА (904300);;Российская Федерация (643);ВОСТОЧНО-СИБИРСКАЯ (92);НОВАЯ ЧАРА (904300);2080;"ООО ""УНИВЕРСАЛЬНЫЕ РЕШЕНИЯ"" (43122305)";43122305;"ООО ""УНИВЕРСАЛЬНЫЕ РЕШЕНИЯ""";3905;"ООО ""НОРД ЭКСПРЕСС"" (16436685)";16436685;"ООО ""НОРД ЭКСПРЕСС""";Вагоны железнодорожные всякие, перевозимые на своих осях (421034);0;0;21968;4356;26324;110000;83676;;0, 0, 0;Самосвалы (381265);100612332;НОВАЯ ЧАРА (904300);ВОСТОЧНО-СИБИРСКАЯ (92);Перестановка вагона на другой парк/путь (85);НАПП;06.02.2025 14:03;06.02.2025 14:03;Местный, Порожний, РП;Местный;Порожний;РП;МОСКОВСКАЯ (17);МОСКОВСКАЯ (17);920002 835 904300 (ТАЙШЕТ+835+НОВАЯ ЧАРА);2046;0;2 (2); (10);0;0;0;            ;07.02.2025;0;0;0;31:3:3;31;;0;23.12.2024 04:26;;2092ЭO690363;1588255330
54519541;ЭО340758;Платформы (40);РЖД (20);29.01.2025 05:50;Российская Федерация (643);ЗАПАДНО-СИБИРСКАЯ (83);НОВОКУЗНЕЦК-ВОСТОЧНЫЙ (860206);11.02.2025 04:47;Российская Федерация (643);ВОСТОЧНО-СИБИРСКАЯ (92);ТАКСИМО (904404);2090;"ООО ""ТРАВЕРС"" (67413527)";67413527;"ООО ""ТРАВЕРС""";5936;"ЗАО ""АРТЕЛЬ СТАРАТЕЛЕЙ ""ВИТИМ"" (33288542)";33288542;"ЗАО ""АРТЕЛЬ СТАРАТЕЛЕЙ ""ВИТИМ""";Самосвалы (381265);0;33600;59620;23209;82829;160000;77171;;0, 0, 3;Самосвалы (381265);100578278;ТАКСИМО (904404);ВОСТОЧНО-СИБИРСКАЯ (92);Перестановка вагона на другой парк/путь (85);НАПП;20.02.2025 06:04;20.02.2025 06:04;Транзитный, Порожний, РП;Транзитный;Порожний;РП;ВОСТОЧНО-СИБИРСКАЯ (92);ВОСТОЧНО-СИБИРСКАЯ (92);903204 174 904404 (СЕВЕРОБАЙКАЛ+174+ТАКСИМО);2572;46;I (1); (11);0;0;0;            ;07.03.2025;2553;0;2553;17:11:2;17;;0;30.01.2025 10:09;09.02.2025 13:59;2083ЭO340758;1586762716
54558598;ЭЛ742294;Платформы (40);РЖД (20);29.12.2024 14:54;Российская Федерация (643);ВОСТОЧНО-СИБИРСКАЯ (92);НОВАЯ ЧАРА (904300);;Российская Федерация (643);ВОСТОЧНО-СИБИРСКАЯ (92);НОВАЯ ЧАРА (904300);2080;"ООО ""УНИВЕРСАЛЬНЫЕ РЕШЕНИЯ"" (43122305)";43122305;"ООО ""УНИВЕРСАЛЬНЫЕ РЕШЕНИЯ""";9732;"ООО ""СИБТРЕЙД"" (33274623)";33274623;"ООО ""СИБТРЕЙД""";Вагоны железнодорожные всякие, перевозимые на своих осях (421034);0;0;23314;5774;29088;160000;130912;;3, 0, 0;Части (детали) машин, механизмов и оборудования (351414);100612332;НОВАЯ ЧАРА (904300);ВОСТОЧНО-СИБИРСКАЯ (92);Перестановка вагона на другой парк/путь (85);НАПП;01.02.2025 09:21;01.02.2025 09:21;Местный, Порожний, РП;Местный;Порожний;РП;ВОСТОЧНО-СИБИРСКАЯ (92);ВОСТОЧНО-СИБИРСКАЯ (92);920002 801 904300 (ТАЙШЕТ+801+НОВАЯ ЧАРА);2284;0;I (1); (11);0;0;0;            ;31.12.2024;0;0;0;36:7:45;36;;0;23.11.2024 10:12;;2092ЭЛ742294;1574920448
54585773;ЭМ673312;Платформы (40);РЖД (20);09.01.2025 17:40;Российская Федерация (643);ВОСТОЧНО-СИБИРСКАЯ (92);НОВАЯ ЧАРА (904300);;Российская Федерация (643);ВОСТОЧНО-СИБИРСКАЯ (92);НОВАЯ ЧАРА (904300);2080;"ООО ""УНИВЕРСАЛЬНЫЕ РЕШЕНИЯ"" (43122305)";43122305;"ООО ""УНИВЕРСАЛЬНЫЕ РЕШЕНИЯ""";9732;"ООО ""СИБТРЕЙД"" (33274623)";33274623;"ООО ""СИБТРЕЙД""";Вагоны железнодорожные всякие, перевозимые на своих осях (421034);0;0;53736;15789;69525;160000;90475;;0, 0, 0;Автомобили специальные (381091);100612332;НОВАЯ ЧАРА (904300);ВОСТОЧНО-СИБИРСКАЯ (92);Перестановка вагона на другой парк/путь (85);НАПП;05.02.2025 00:39;05.02.2025 00:39;Местный, Порожний, РП;Местный;Порожний;РП;- - - (0);ОКТЯБРЬСКАЯ (1);904404 423 904300 (ТАКСИМО+423+НОВАЯ ЧАРА);2054;0;I (1); (11);0;0;0;            ;11.01.2025;0;0;0;32:16:27;32;;0;23.12.2024 09:45;;2092ЭM673312;1579659584
54587159;ЭС773847;Платформы (40);РЖД (20);06.03.2025 12:26;Российская Федерация (643);КРАСНОЯРСКАЯ (88);КРАСНОЯРСК (890004);;Российская Федерация (643);ВОСТОЧНО-СИБИРСКАЯ (92);НОВАЯ ЧАРА (904300);1532;"ЗАО ""ВЕАЛ"" (52285816)";52285816;"ЗАО ""ВЕАЛ""";1700;"ООО ""АЛЬЯНС"" (41169633)";41169633;"ООО ""АЛЬЯНС""";Здания инвентарные контейнерного типа (256065);0;4190;69122;16313;85435;160000;74565;;0, 0, 0;Панели стеновые и кровельные, состоящие из двух стенок, изготовленных из металлических листов, с изоляционным наполнителем (371136);100009438;ТАЙШЕТ (920002);ВОСТОЧНО-СИБИРСКАЯ (92);Начало расформирования состава (33);НЧРС;08.03.2025 16:01;08.03.2025 16:01;Местный, Груженый, РП;Местный;Груженый;РП;МОСКОВСКАЯ (17);ОКТЯБРЬСКАЯ (1);890201 279 920002 (КРАСНОЯРСК-В+279+ТАЙШЕТ);2600;25;22 (22);Нечетное направление (8);0;0;0;            ;23.03.2025;418;1750;2168;1:1:5;1;;0;07.03.2025 05:32;;2088ЭC773847;1602250019
42175299;ЭС757108;Платформы (40);РЖД (20);07.03.2025 10:22;Российская Федерация (643);ДАЛЬНЕВОСТОЧНАЯ (96);УГЛОВАЯ (982206);;Российская Федерация (643);КУЙБЫШЕВСКАЯ (63);КРЯЖ (639608);9192; (70263385);70263385;;7839;"ООО ""ТАКЕЛАЖТРАНССЕРВИС"" (21158975)";21158975;"ООО ""ТАКЕЛАЖТРАНССЕРВИС""";Машины для землеройных и мелиоративных работ (351039);0;42910;41787;27347;69134;160000;90866;;0, 0, 0;Машины и оборудование строительные, дорожные и торфяной промышленности (351043);100590336;ОЛЬГОХТА (963421);ДАЛЬНЕВОСТОЧНАЯ (96);Отправление вагона в составе поезда со станции (2);ОТПР;09.03.2025 16:55;09.03.2025 16:55;Транзитный, Груженый, РП;Транзитный;Груженый;РП;- - - (0);- - - (0);970001 317 850007 (ХАБАРОВСК 2+317+ИНСКАЯ);2189;51;I (1);ПРИМЕЧАНИЯ: (1);0;0;0;            ;29.03.2025;810;4435;5245;0:0:11;0;;0;08.03.2025 09:06;;2096ЭC757108;1602177784
42826719;ЭН402907;Платформы (40);РЖД (20);22.01.2025 09:38;Российская Федерация (643);ДАЛЬНЕВОСТОЧНАЯ (96);СУЛУК (918407);19.02.2025 07:42;Российская Федерация (643);ДАЛЬНЕВОСТОЧНАЯ (96);ХАБАРОВСК 2 (970001);2080;"ООО ""УНИВЕРСАЛЬНЫЕ РЕШЕНИЯ"" (43122305)";43122305;"ООО ""УНИВЕРСАЛЬНЫЕ РЕШЕНИЯ""";3433; (55103129);55103129;;Вагоны железнодорожные всякие, перевозимые на своих осях (421034);0;0;59159;12752;71911;160000;88089;;0, 0, 0;Машины и оборудование строительные, дорожные и торфяной промышленности (351043);100575920;ХАБАРОВСК 2 (970001);ДАЛЬНЕВОСТОЧНАЯ (96);Прочие подачи вагона по ГУ-45М (78);ПВГУ;28.02.2025 18:20;28.02.2025 18:20;Местный, Порожний, РП;Местный;Порожний;РП;ДАЛЬНЕВОСТОЧНАЯ (96);ДАЛЬНЕВОСТОЧНАЯ (96);917103 039 970001 (НОВЫЙ УРГАЛ+039+ХАБАРОВСК 2);2424;43;5 (5); (55);0;0;0;            ;05.02.2025;785;0;785;8:22:46;8;;0;23.01.2025 11:38;18.02.2025 09:56;2096ЭH402907;1582864116
54407770;ЭН384575;Платформы (40);РЖД (20);24.01.2025 14:45;Российская Федерация (643);ДАЛЬНЕВОСТОЧНАЯ (96);УЛАК (РЗД) (913102);04.02.2025 04:16;Российская Федерация (643);ДАЛЬНЕВОСТОЧНАЯ (96);ХАБАРОВСК 2 (970001);2080;"ООО ""УНИВЕРСАЛЬНЫЕ РЕШЕНИЯ"" (43122305)";43122305;"ООО ""УНИВЕРСАЛЬНЫЕ РЕШЕНИЯ""";3433; (55103129);55103129;;Вагоны железнодорожные всякие, перевозимые на своих осях (421034);0;0;8743;2285;11028;160000;148972;;0, 0, 0;Машины и оборудование строительные, дорожные и торфяной промышленности (351043);100348029;ХАБАРОВСК 2 (970001);ДАЛЬНЕВОСТОЧНАЯ (96);Прочие подачи вагона по ГУ-45М (78);ПВГУ;16.02.2025 12:02;16.02.2025 12:02;Местный, Порожний, РП;Местный;Порожний;РП;АО 'АК'ЖЕЛЕЗНЫЕ ДОРОГИ ЯКУТИИ' (91);ЮЖНО-УРАЛЬСКАЯ (80);970001 901 001003 (ХАБАРОВСК 2+901+);1111;17;5 (5); (55);0;0;0;            ;31.01.2025;1267;0;1267;21:5:4;21;;0;26.01.2025 09:00;03.02.2025 05:42;2096ЭH384575;1582781870
54414263;ЭН186869;Платформы (40);РЖД (20);21.01.2025 18:31;Российская Федерация (643);ЗАБАЙКАЛЬСКАЯ (94);СКОВОРОДИНО (951706);06.02.2025 02:23;Российская Федерация (643);ДАЛЬНЕВОСТОЧНАЯ (96);УГЛОВАЯ (982206);2080;"ООО ""УНИВЕРСАЛЬНЫЕ РЕШЕНИЯ"" (43122305)";43122305;"ООО ""УНИВЕРСАЛЬНЫЕ РЕШЕНИЯ""";9192; (70263385);70263385;;Вагоны железнодорожные всякие, перевозимые на своих осях (421034);0;0;14468;9542;24010;160000;135990;;0, 0, 0;Переводы стрелочные (414121);100612332;УГЛОВАЯ (982206);ДАЛЬНЕВОСТОЧНАЯ (96);Подача вагона на подъездной путь (80);ПВПП;03.03.2025 07:50;03.03.2025 07:50;Местный, Порожний, РП;Местный;Порожний;РП;ЗАПАДНО-СИБИРСКАЯ (83);ЮЖНО-УРАЛЬСКАЯ (80);974303 211 982206 (СПАССК-ДАЛЬН+211+УГЛОВАЯ);2800;6;I (1); (26);0;0;0;            ;30.01.2025;1968;0;1968;6:9:16;6;;0;27.01.2025 16:14;05.02.2025 07:52;2094ЭH186869;1581940501
54416052;ЭЗ100695;Платформы (40);РЖД (20);19.11.2024 02:27;Российская Федерация (643);ДАЛЬНЕВОСТОЧНАЯ (96);УЛАК (РЗД) (913102);25.01.2025 16:54;Российская Федерация (643);ДАЛЬНЕВОСТОЧНАЯ (96);УГЛОВАЯ (982206);2080;"ООО ""УНИВЕРСАЛЬНЫЕ РЕШЕНИЯ"" (43122305)";43122305;"ООО ""УНИВЕРСАЛЬНЫЕ РЕШЕНИЯ""";9192; (70263385);70263385;;Вагоны железнодорожные всякие, перевозимые на своих осях (421034);0;0;41911;16601;58512;110000;51488;;0, 0, 0;Части (детали) машин, механизмов и оборудования (351414);100612332;УГЛОВАЯ (982206);ДАЛЬНЕВОСТОЧНАЯ (96);Подача вагона на подъездной путь (80);ПВПП;29.01.2025 09:00;29.01.2025 09:00;Местный, Порожний, РП;Местный;Порожний;РП;ЗАПАДНО-СИБИРСКАЯ (83);ЗАПАДНО-СИБИРСКАЯ (83);974303 208 982206 (СПАССК-ДАЛЬН+208+УГЛОВАЯ);2508;49;I (1); (26);0;0;0;            ;28.11.2024;1993;0;1993;39:8:6;39;;0;19.11.2024 22:04;25.01.2025 08:50;2096ЭЗ100695;1554465090
54512116;ЭП750880;Платформы (40);БЧ (21);10.02.2025 14:39;Российская Федерация (643);ДАЛЬНЕВОСТОЧНАЯ (96);ДУГДА (915700);28.02.2025 08:24;Российская Федерация (643);ДАЛЬНЕВОСТОЧНАЯ (96);УГОЛЬНАЯ (982102);2080;"ООО ""УНИВЕРСАЛЬНЫЕ РЕШЕНИЯ"" (43122305)";43122305;"ООО ""УНИВЕРСАЛЬНЫЕ РЕШЕНИЯ""";1521;"ООО ""ЕВРОТРАНС"" (79619257)";79619257;"ООО ""ЕВРОТРАНС""";Вагоны железнодорожные всякие, перевозимые на своих осях (421034);0;0;66551;20827;87378;160000;72622;;0, 0, 0;Самосвалы (381265);100612332;УГОЛЬНАЯ (982102);ДАЛЬНЕВОСТОЧНАЯ (96);Окончание расформирования группы (43);ОРФГ;07.03.2025 05:44;07.03.2025 05:44;Местный, Порожний, РП;Местный;Порожний;РП;ОКТЯБРЬСКАЯ (1);МОСКОВСКАЯ (17);970001 183 982102 (ХАБАРОВСК 2+183+УГОЛЬНАЯ);2304;49;IIВ (2); (22);0;0;0;            ;18.02.2025;1787;0;1787;2:11:22;2;;0;12.02.2025 12:24;28.02.2025 06:48;2096ЭП750880;1592743194
54512389;ЭК785701;Платформы (40);БЧ (21);16.12.2024 11:52;Российская Федерация (643);ДАЛЬНЕВОСТОЧНАЯ (96);УЛАК (РЗД) (913102);27.01.2025 01:59;Российская Федерация (643);ДАЛЬНЕВОСТОЧНАЯ (96);АРТЕМ-ПРИМОРСКИЙ 1 (982403);2080;"ООО ""УНИВЕРСАЛЬНЫЕ РЕШЕНИЯ"" (43122305)";43122305;"ООО ""УНИВЕРСАЛЬНЫЕ РЕШЕНИЯ""";2134;"ООО ""АЛДИС"" (31155133)";31155133;"ООО ""АЛДИС""";Вагоны железнодорожные всякие, перевозимые на своих осях (421034);0;0;4385;3688;8073;110000;101927;;0, 0, 0;Шасси автомобильные и автобусные (381301);100612332;АРТЕМ-ПРИМОРСКИЙ 1 (982403);ДАЛЬНЕВОСТОЧНАЯ (96);Подача вагона на подъездной путь (80);ПВПП;27.01.2025 03:30;27.01.2025 03:30;Местный, Порожний, РП;Местный;Порожний;РП;ЮЖНО-УРАЛЬСКАЯ (80);ЗАПАДНО-СИБИРСКАЯ (83);974303 209 982403 (СПАССК-ДАЛЬН+209+АРТЕМ-ПРИМ 1);2162;9;I (1); (4);0;0;0;            ;25.12.2024;2002;0;2002;41:13:36;41;;0;17.12.2024 12:08;26.01.2025 16:51;2096ЭK785701;1570218956
54512454;ЭС445084;Платформы (40);БЧ (21);01.03.2025 02:40;Российская Федерация (643);ДАЛЬНЕВОСТОЧНАЯ (96);БЕРКАКИТ (911408);;Российская Федерация (643);ДАЛЬНЕВОСТОЧНАЯ (96);ТЫНДА (910000);2080;"ООО ""УНИВЕРСАЛЬНЫЕ РЕШЕНИЯ"" (43122305)";43122305;"ООО ""УНИВЕРСАЛЬНЫЕ РЕШЕНИЯ""";5120;"ООО ""БСТ"" (6973488)";6973488;"ООО ""БСТ""";Вагоны железнодорожные всякие, перевозимые на своих осях (421034);0;0;52429;7952;60381;160000;99619;;0, 0, 0;Машины и оборудование строительные, дорожные и торфяной промышленности (351043);100612332;ТЫНДА (910000);ДАЛЬНЕВОСТОЧНАЯ (96);Установка ограждения (88);УСОГ;09.03.2025 08:42;09.03.2025 08:42;Местный, Порожний, РП;Местный;Порожний;РП;ДАЛЬНЕВОСТОЧНАЯ (96);ДАЛЬНЕВОСТОЧНАЯ (96);911408 056 910000 (БЕРКАКИТ+056+ТЫНДА);3001;19;1 (1); (86);0;0;0;            ;05.03.2025;220;0;220;0:8:24;0;;0;09.03.2025 00:51;09.03.2025 08:25;2096ЭC445084;1600832983
54517636;ЭС445908;Платформы (40);РЖД (20);01.03.2025 10:09;Российская Федерация (643);ДАЛЬНЕВОСТОЧНАЯ (96);УЛАК (РЗД) (913102);;Российская Федерация (643);ДАЛЬНЕВОСТОЧНАЯ (96);ТЫНДА (910000);2080;"ООО ""УНИВЕРСАЛЬНЫЕ РЕШЕНИЯ"" (43122305)";43122305;"ООО ""УНИВЕРСАЛЬНЫЕ РЕШЕНИЯ""";5120;"ООО ""БСТ"" (6973488)";6973488;"ООО ""БСТ""";Вагоны железнодорожные всякие, перевозимые на своих осях (421034);0;0;72794;11284;84078;160000;75922;;0, 0, 0;Конструкции металлические, не поименованные в алфавите (371051);100612332;ДЖЕЛИНГРА (РЗД) (910922);ДАЛЬНЕВОСТОЧНАЯ (96);Отправление вагона в составе поезда со станции (2);ОТПР;09.03.2025 16:58;09.03.2025 16:58;Местный, Порожний, РП;Местный;Порожний;РП;- - - (0);СЕВЕРО-КАВКАЗСКАЯ (51);913102 263 910000 (УЛАК (РЗД)+263+ТЫНДА);3053;43; (2); (1);0;0;0;            ;06.03.2025;285;45;330;0:0:8;0;;0;08.03.2025 22:22;;2096ЭC445908;1600836698
54520739;ЭМ676644;Платформы (40);БЧ (21);10.01.2025 06:02;Российская Федерация (643);ДАЛЬНЕВОСТОЧНАЯ (96);ДУГДА (915700);25.01.2025 17:08;Российская Федерация (643);ДАЛЬНЕВОСТОЧНАЯ (96);УГЛОВАЯ (982206);2080;"ООО ""УНИВЕРСАЛЬНЫЕ РЕШЕНИЯ"" (43122305)";43122305;"ООО ""УНИВЕРСАЛЬНЫЕ РЕШЕНИЯ""";9192; (70263385);70263385;;Вагоны железнодорожные всякие, перевозимые на своих осях (421034);0;0;29559;5129;34688;0;0;;0, 0, 0;Машины для землеройных и мелиоративных работ (351039);100612332;УГЛОВАЯ (982206);ДАЛЬНЕВОСТОЧНАЯ (96);Подача вагона на подъездной путь (80);ПВПП;29.01.2025 09:00;29.01.2025 09:00;Местный, Порожний, РП;Местный;Порожний;РП;КАЛИНИНГРАДСКАЯ (10);МОСКОВСКАЯ (17);974303 208 982206 (СПАССК-ДАЛЬН+208+УГЛОВАЯ);2508;50;I (1); (26);0;0;0;            ;18.01.2025;1775;0;1775;39:8:6;39;;0;15.01.2025 10:28;25.01.2025 08:50;2096ЭM676644;1579672047
54558697;ЭС727154;Платформы (40);РЖД (20);04.03.2025 05:45;Российская Федерация (643);ДАЛЬНЕВОСТОЧНАЯ (96);БЕРКАКИТ (911408);06.03.2025 11:31;Российская Федерация (643);ДАЛЬНЕВОСТОЧНАЯ (96);ТЫНДА (910000);2080;"ООО ""УНИВЕРСАЛЬНЫЕ РЕШЕНИЯ"" (43122305)";43122305;"ООО ""УНИВЕРСАЛЬНЫЕ РЕШЕНИЯ""";5120;"ООО ""БСТ"" (6973488)";6973488;"ООО ""БСТ""";Вагоны железнодорожные всякие, перевозимые на своих осях (421034);0;0;27095;1986;29081;160000;130919;;0, 0, 0;Оборудование энергетическое и запасные части к нему (351397);100575920;ТЫНДА (910000);ДАЛЬНЕВОСТОЧНАЯ (96);Подача вагона на подъездной путь (80);ПВПП;07.03.2025 10:53;07.03.2025 10:53;Местный, Порожний, РП;Местный;Порожний;РП;- - - (0);ЮЖНО-УРАЛЬСКАЯ (80);911408 045 910000 (БЕРКАКИТ+045+ТЫНДА);3031;30;2 (2); (35);0;0;0;            ;08.03.2025;220;0;220;2:6:13;2;;0;05.03.2025 22:28;06.03.2025 07:33;2096ЭC727154;1602042867
54707393;23865048;Платформы (40);РЖД (20);10.02.2025 00:00;Республика Беларусь (112);БЕЛОРУССКАЯ (13);ЖОДИНО (141302);;Российская Федерация (643);ДАЛЬНЕВОСТОЧНАЯ (96);ФЕВРАЛЬСК (916100);1092; (0);0;;7738;"ООО ""ТРАНЗИТ"" (68418461)";68418461;"ООО ""ТРАНЗИТ""";Самосвалы (381265);87041010;14494;53335;18947;72282;160000;87718;;0, 0, 6;Конструкции железобетонные (254055);100582603;ТЫНДА (910000);ДАЛЬНЕВОСТОЧНАЯ (96);Исключение вагона из состава поезда (3);ИСКП;09.03.2025 00:23;09.03.2025 00:23;Местный, Груженый, РП;Местный;Груженый;РП;МОСКОВСКАЯ (17);МОСКОВСКАЯ (17);951706 207 910000 (СКОВОРОДИНО+207+ТЫНДА);2806;54;1 (1); (85);0;0;0;            ;28.03.2025;4309;669;4978;0:16:43;0;;0;19.11.2024 08:50;;211323865048;1592863029
